instance,family,n,n_feasible,certified,milp_gap,T_star,method,kind,seed,wall_s,over_T,feasible,opt,benefit_true,batches,quantum_seed,frac_qaoa,qaoa_p_opt_exact
H_8x8_s100,H,27,911,True,0.0,1.598376878500062,"MILP (HiGHS, 8 s cap)",classical,0,0.3126065829999334,False,True,True,1.0,,,,
H_8x8_s100,H,27,911,True,0.0,1.598376878500062,Greedy planner,classical,0,0.0013067669999600184,False,False,False,0.0,,,,
H_8x8_s100,H,27,911,True,0.0,1.598376878500062,FeasibleSA,classical,0,1.4575716339998053,False,True,True,1.0,,,,
H_8x8_s100,H,27,911,True,0.0,1.598376878500062,Tabu-on-F,classical,0,1.5410104990000946,False,True,True,1.0,,,,
H_8x8_s100,H,27,911,True,0.0,1.598376878500062,SA-matched α=0.01 + repair,classical/hybrid,0,1.281725834999861,False,False,False,0.0,,,,
H_8x8_s100,H,27,911,True,0.0,1.598376878500062,FeasibleSQA,quantum-inspired (PIMC on F),0,1.5669007139999849,False,True,True,1.0,9.0,,,
H_8x8_s100,H,27,911,True,0.0,1.598376878500062,QAOA-seeded FeasibleSA,hybrid (subspace-sim QAOA seeds),0,1.6036570080000274,False,True,True,1.0,,True,0.7856570287254492,
H_8x8_s100,H,27,911,True,0.0,1.598376878500062,ConstrainedQAOA p=2,quantum (subspace sim),0,1.6284089020000465,False,True,True,1.0,,,,0.0019278150979945257
H_8x8_s100,H,27,911,True,0.0,1.598376878500062,ConstrainedQAOA p=4,quantum (subspace sim),0,1.671689704000073,False,True,False,0.9947003951332877,,,,0.002102209564410007
H_8x8_s100,H,27,911,True,0.0,1.598376878500062,FeasibleSA,classical,1,1.5710112080000727,False,True,True,1.0,,,,
H_8x8_s100,H,27,911,True,0.0,1.598376878500062,Tabu-on-F,classical,1,1.6508615390000614,False,True,True,1.0,,,,
H_8x8_s100,H,27,911,True,0.0,1.598376878500062,SA-matched α=0.01 + repair,classical/hybrid,1,1.5656920090000312,False,False,False,0.0,,,,
H_8x8_s100,H,27,911,True,0.0,1.598376878500062,FeasibleSQA,quantum-inspired (PIMC on F),1,1.5475387809999575,False,True,True,1.0,10.0,,,
H_8x8_s100,H,27,911,True,0.0,1.598376878500062,QAOA-seeded FeasibleSA,hybrid (subspace-sim QAOA seeds),1,1.4396953920002034,False,True,True,1.0,,True,0.8494741851615186,
H_8x8_s100,H,27,911,True,0.0,1.598376878500062,ConstrainedQAOA p=2,quantum (subspace sim),1,1.6092002980001325,False,True,True,1.0,,,,0.0019357098065447224
H_8x8_s100,H,27,911,True,0.0,1.598376878500062,ConstrainedQAOA p=4,quantum (subspace sim),1,1.707524037999974,False,True,False,0.9947003951332877,,,,0.0021690513670764217
H_8x8_s101,H,27,822,True,0.0,1.4129563959999132,"MILP (HiGHS, 8 s cap)",classical,0,0.0988187589998688,False,True,True,1.0,,,,
H_8x8_s101,H,27,822,True,0.0,1.4129563959999132,Greedy planner,classical,0,0.001546374000099604,False,False,False,0.0,,,,
H_8x8_s101,H,27,822,True,0.0,1.4129563959999132,FeasibleSA,classical,0,1.2748864590000721,False,True,True,1.0,,,,
H_8x8_s101,H,27,822,True,0.0,1.4129563959999132,Tabu-on-F,classical,0,1.4317851529999643,False,True,True,1.0,,,,
H_8x8_s101,H,27,822,True,0.0,1.4129563959999132,SA-matched α=0.01 + repair,classical/hybrid,0,0.9674984980001682,False,False,False,0.0,,,,
H_8x8_s101,H,27,822,True,0.0,1.4129563959999132,FeasibleSQA,quantum-inspired (PIMC on F),0,1.2554629480000585,False,True,True,1.0,11.0,,,
H_8x8_s101,H,27,822,True,0.0,1.4129563959999132,QAOA-seeded FeasibleSA,hybrid (subspace-sim QAOA seeds),0,1.36055413400004,False,True,True,1.0,,True,0.8246873291995155,
H_8x8_s101,H,27,822,True,0.0,1.4129563959999132,ConstrainedQAOA p=2,quantum (subspace sim),0,1.4701973290000296,False,True,False,0.9495608296449332,,,,0.0025051821642261374
H_8x8_s101,H,27,822,True,0.0,1.4129563959999132,ConstrainedQAOA p=4,quantum (subspace sim),0,1.4722062949999781,False,True,False,0.9990706530868898,,,,0.002827156401615282
H_8x8_s101,H,27,822,True,0.0,1.4129563959999132,FeasibleSA,classical,1,1.3522695130000102,False,True,True,1.0,,,,
H_8x8_s101,H,27,822,True,0.0,1.4129563959999132,Tabu-on-F,classical,1,1.4143806260001384,False,True,True,1.0,,,,
H_8x8_s101,H,27,822,True,0.0,1.4129563959999132,SA-matched α=0.01 + repair,classical/hybrid,1,1.377032755000073,False,True,True,1.0,,,,
H_8x8_s101,H,27,822,True,0.0,1.4129563959999132,FeasibleSQA,quantum-inspired (PIMC on F),1,1.3112762729999758,False,True,True,1.0,10.0,,,
H_8x8_s101,H,27,822,True,0.0,1.4129563959999132,QAOA-seeded FeasibleSA,hybrid (subspace-sim QAOA seeds),1,1.4454707720001352,False,True,True,1.0,,True,0.7455596182750585,
H_8x8_s101,H,27,822,True,0.0,1.4129563959999132,ConstrainedQAOA p=2,quantum (subspace sim),1,1.4605693210000936,False,True,True,1.0,,,,0.0025051821642261374
H_8x8_s101,H,27,822,True,0.0,1.4129563959999132,ConstrainedQAOA p=4,quantum (subspace sim),1,1.4742508000001635,False,True,True,1.0,,,,0.0029670503767043766
H_8x8_s102,H,27,2484,True,0.0,1.3777341000001115,"MILP (HiGHS, 8 s cap)",classical,0,0.1038885789998858,False,True,True,1.0,,,,
H_8x8_s102,H,27,2484,True,0.0,1.3777341000001115,Greedy planner,classical,0,0.0020023560000481666,False,False,False,0.0,,,,
H_8x8_s102,H,27,2484,True,0.0,1.3777341000001115,FeasibleSA,classical,0,1.161001646999921,False,True,True,1.0,,,,
H_8x8_s102,H,27,2484,True,0.0,1.3777341000001115,Tabu-on-F,classical,0,1.3317852049999601,False,True,True,1.0,,,,
H_8x8_s102,H,27,2484,True,0.0,1.3777341000001115,SA-matched α=0.01 + repair,classical/hybrid,0,1.195981280000069,False,True,False,0.9789336822927974,,,,
H_8x8_s102,H,27,2484,True,0.0,1.3777341000001115,FeasibleSQA,quantum-inspired (PIMC on F),0,1.2428662150000491,False,True,True,1.0,9.0,,,
H_8x8_s102,H,27,2484,True,0.0,1.3777341000001115,QAOA-seeded FeasibleSA,hybrid (subspace-sim QAOA seeds),0,4.217919623999933,True,True,True,0.0,,True,0.9932572475212165,
H_8x8_s102,H,27,2484,True,0.0,1.3777341000001115,ConstrainedQAOA p=2,quantum (subspace sim),0,2.8824271329999647,True,True,False,0.0,,,,0.00025681291375550467
H_8x8_s102,H,27,2484,True,0.0,1.3777341000001115,ConstrainedQAOA p=4,quantum (subspace sim),0,3.5303088910000042,True,True,False,0.0,,,,0.00015049234805231013
H_8x8_s102,H,27,2484,True,0.0,1.3777341000001115,FeasibleSA,classical,1,1.2527301490001719,False,True,True,1.0,,,,
H_8x8_s102,H,27,2484,True,0.0,1.3777341000001115,Tabu-on-F,classical,1,1.332606238000153,False,True,True,1.0,,,,
H_8x8_s102,H,27,2484,True,0.0,1.3777341000001115,SA-matched α=0.01 + repair,classical/hybrid,1,1.107321420000062,False,True,False,0.9789336822927974,,,,
H_8x8_s102,H,27,2484,True,0.0,1.3777341000001115,FeasibleSQA,quantum-inspired (PIMC on F),1,1.351539591000119,False,True,True,1.0,12.0,,,
H_8x8_s102,H,27,2484,True,0.0,1.3777341000001115,QAOA-seeded FeasibleSA,hybrid (subspace-sim QAOA seeds),1,3.019854162999991,True,True,True,0.0,,True,0.9872547590305708,
H_8x8_s102,H,27,2484,True,0.0,1.3777341000001115,ConstrainedQAOA p=2,quantum (subspace sim),1,2.9983417429998553,True,True,False,0.0,,,,0.00025681291375550467
H_8x8_s102,H,27,2484,True,0.0,1.3777341000001115,ConstrainedQAOA p=4,quantum (subspace sim),1,3.472597595999787,True,True,False,0.0,,,,0.00015049234805231013
H_10x10_s100,H,39,>20k,True,0.0,4.039972634999913,"MILP (HiGHS, 8 s cap)",classical,0,0.3965881469998749,False,True,True,1.0,,,,
H_10x10_s100,H,39,>20k,True,0.0,4.039972634999913,Greedy planner,classical,0,0.00506240999993679,False,False,False,0.0,,,,
H_10x10_s100,H,39,>20k,True,0.0,4.039972634999913,FeasibleSA,classical,0,3.924497083999995,False,True,True,1.0,,,,
H_10x10_s100,H,39,>20k,True,0.0,4.039972634999913,Tabu-on-F,classical,0,3.9761870429999817,False,True,False,0.9427233142829148,,,,
H_10x10_s100,H,39,>20k,True,0.0,4.039972634999913,SA-matched α=0.01 + repair,classical/hybrid,0,3.0696354990000145,False,True,True,1.0,,,,
H_10x10_s100,H,39,>20k,True,0.0,4.039972634999913,FeasibleSQA,quantum-inspired (PIMC on F),0,3.7087685649999003,False,True,True,1.0,10.0,,,
H_10x10_s100,H,39,>20k,True,0.0,4.039972634999913,QAOA-seeded FeasibleSA,hybrid (subspace-sim QAOA seeds),0,4.099273110000013,False,True,True,1.0,,False,0.19103884395743112,
H_10x10_s100,H,39,>20k,True,0.0,4.039972634999913,FeasibleSA,classical,1,3.716213189999962,False,True,True,1.0,,,,
H_10x10_s100,H,39,>20k,True,0.0,4.039972634999913,Tabu-on-F,classical,1,3.79464741899983,False,True,False,0.9427233142829148,,,,
H_10x10_s100,H,39,>20k,True,0.0,4.039972634999913,SA-matched α=0.01 + repair,classical/hybrid,1,3.9248189659999753,False,True,True,1.0,,,,
H_10x10_s100,H,39,>20k,True,0.0,4.039972634999913,FeasibleSQA,quantum-inspired (PIMC on F),1,3.737065009000162,False,True,True,1.0,12.0,,,
H_10x10_s100,H,39,>20k,True,0.0,4.039972634999913,QAOA-seeded FeasibleSA,hybrid (subspace-sim QAOA seeds),1,3.9004329150000103,False,True,True,1.0,,False,0.1555909062468955,
H_10x10_s101,H,39,>20k,True,0.0,4.692378458999997,"MILP (HiGHS, 8 s cap)",classical,0,0.9366038139999091,False,True,True,1.0,,,,
H_10x10_s101,H,39,>20k,True,0.0,4.692378458999997,Greedy planner,classical,0,0.0024934779999057355,False,True,True,1.0,,,,
H_10x10_s101,H,39,>20k,True,0.0,4.692378458999997,FeasibleSA,classical,0,4.273324829000103,False,True,True,1.0,,,,
H_10x10_s101,H,39,>20k,True,0.0,4.692378458999997,Tabu-on-F,classical,0,4.534564830999898,False,True,True,1.0,,,,
H_10x10_s101,H,39,>20k,True,0.0,4.692378458999997,SA-matched α=0.01 + repair,classical/hybrid,0,3.779980992999981,False,True,True,1.0,,,,
H_10x10_s101,H,39,>20k,True,0.0,4.692378458999997,FeasibleSQA,quantum-inspired (PIMC on F),0,4.337303554000073,False,True,True,1.0,11.0,,,
H_10x10_s101,H,39,>20k,True,0.0,4.692378458999997,QAOA-seeded FeasibleSA,hybrid (subspace-sim QAOA seeds),0,4.256310893000091,False,True,True,1.0,,False,0.13757443352249032,
H_10x10_s101,H,39,>20k,True,0.0,4.692378458999997,FeasibleSA,classical,1,4.4983484580000095,False,True,True,1.0,,,,
H_10x10_s101,H,39,>20k,True,0.0,4.692378458999997,Tabu-on-F,classical,1,4.497369985999967,False,True,True,1.0,,,,
H_10x10_s101,H,39,>20k,True,0.0,4.692378458999997,SA-matched α=0.01 + repair,classical/hybrid,1,4.233218618999899,False,True,True,1.0,,,,
H_10x10_s101,H,39,>20k,True,0.0,4.692378458999997,FeasibleSQA,quantum-inspired (PIMC on F),1,4.387837286999911,False,True,True,1.0,14.0,,,
H_10x10_s101,H,39,>20k,True,0.0,4.692378458999997,QAOA-seeded FeasibleSA,hybrid (subspace-sim QAOA seeds),1,4.6827894809998725,False,True,True,1.0,,False,0.10084902362491331,
H_10x10_s102,H,39,>20k,True,0.0,3.9466549014999828,"MILP (HiGHS, 8 s cap)",classical,0,1.3751288539999678,False,True,True,1.0,,,,
H_10x10_s102,H,39,>20k,True,0.0,3.9466549014999828,Greedy planner,classical,0,0.0037624429999141284,False,True,True,1.0,,,,
H_10x10_s102,H,39,>20k,True,0.0,3.9466549014999828,FeasibleSA,classical,0,3.775662092999937,False,True,True,1.0,,,,
H_10x10_s102,H,39,>20k,True,0.0,3.9466549014999828,Tabu-on-F,classical,0,3.780149091000112,False,True,False,0.9816379220343721,,,,
H_10x10_s102,H,39,>20k,True,0.0,3.9466549014999828,SA-matched α=0.01 + repair,classical/hybrid,0,3.6481352040000274,False,True,True,1.0,,,,
H_10x10_s102,H,39,>20k,True,0.0,3.9466549014999828,FeasibleSQA,quantum-inspired (PIMC on F),0,3.8721727399999963,False,True,True,1.0,12.0,,,
H_10x10_s102,H,39,>20k,True,0.0,3.9466549014999828,QAOA-seeded FeasibleSA,hybrid (subspace-sim QAOA seeds),0,3.6588747929999954,False,True,True,1.0,,False,0.1366064717372283,
H_10x10_s102,H,39,>20k,True,0.0,3.9466549014999828,FeasibleSA,classical,1,3.504441797000027,False,True,True,1.0,,,,
H_10x10_s102,H,39,>20k,True,0.0,3.9466549014999828,Tabu-on-F,classical,1,3.7101194090000718,False,True,True,1.0,,,,
H_10x10_s102,H,39,>20k,True,0.0,3.9466549014999828,SA-matched α=0.01 + repair,classical/hybrid,1,3.778365567000037,False,True,True,1.0,,,,
H_10x10_s102,H,39,>20k,True,0.0,3.9466549014999828,FeasibleSQA,quantum-inspired (PIMC on F),1,3.717971723000119,False,True,True,1.0,13.0,,,
H_10x10_s102,H,39,>20k,True,0.0,3.9466549014999828,QAOA-seeded FeasibleSA,hybrid (subspace-sim QAOA seeds),1,3.863947451000058,False,True,True,1.0,,False,0.12064333506380347,
H_12x12_s100,H,66,>20k,True,0.0,18.038522073999957,"MILP (HiGHS, 8 s cap)",classical,0,2.2889646759999778,False,True,True,1.0,,,,
H_12x12_s100,H,66,>20k,True,0.0,18.038522073999957,Greedy planner,classical,0,0.014940097999897262,False,False,False,0.0,,,,
H_12x12_s100,H,66,>20k,True,0.0,18.038522073999957,FeasibleSA,classical,0,17.03486408899994,False,True,False,0.9262546730836736,,,,
H_12x12_s100,H,66,>20k,True,0.0,18.038522073999957,Tabu-on-F,classical,0,17.34936665300006,False,True,False,0.7079341143075366,,,,
H_12x12_s100,H,66,>20k,True,0.0,18.038522073999957,SA-matched α=0.01 + repair,classical/hybrid,0,16.923726780999914,False,True,True,1.0,,,,
H_12x12_s100,H,66,>20k,True,0.0,18.038522073999957,FeasibleSQA,quantum-inspired (PIMC on F),0,17.216292232000114,False,True,False,0.9794882139978959,13.0,,,
H_12x12_s100,H,66,>20k,True,0.0,18.038522073999957,QAOA-seeded FeasibleSA,hybrid (subspace-sim QAOA seeds),0,16.32597595099992,False,True,False,0.9262546730836736,,False,0.1537845442462581,
H_12x12_s100,H,66,>20k,True,0.0,18.038522073999957,FeasibleSA,classical,1,15.562211038999976,False,True,False,0.9262546730836736,,,,
H_12x12_s100,H,66,>20k,True,0.0,18.038522073999957,Tabu-on-F,classical,1,17.555712118999963,False,True,True,1.0,,,,
H_12x12_s100,H,66,>20k,True,0.0,18.038522073999957,SA-matched α=0.01 + repair,classical/hybrid,1,17.044140462000087,False,True,True,1.0,,,,
H_12x12_s100,H,66,>20k,True,0.0,18.038522073999957,FeasibleSQA,quantum-inspired (PIMC on F),1,16.89179873499984,False,True,False,0.9262546730836736,14.0,,,
H_12x12_s100,H,66,>20k,True,0.0,18.038522073999957,QAOA-seeded FeasibleSA,hybrid (subspace-sim QAOA seeds),1,16.337064420999923,False,True,False,0.9262546730836736,,False,0.24049681801765727,
H_12x12_s101,H,66,>20k,True,0.0,20.041620196500162,"MILP (HiGHS, 8 s cap)",classical,0,1.262854573000368,False,True,True,1.0,,,,
H_12x12_s101,H,66,>20k,True,0.0,20.041620196500162,Greedy planner,classical,0,0.015191555999990669,False,False,False,0.0,,,,
H_12x12_s101,H,66,>20k,True,0.0,20.041620196500162,FeasibleSA,classical,0,18.990558666999732,False,True,True,1.0,,,,
H_12x12_s101,H,66,>20k,True,0.0,20.041620196500162,Tabu-on-F,classical,0,19.164282318000005,False,True,True,1.0,,,,
H_12x12_s101,H,66,>20k,True,0.0,20.041620196500162,SA-matched α=0.01 + repair,classical/hybrid,0,19.801735222999923,False,True,True,1.0,,,,
H_12x12_s101,H,66,>20k,True,0.0,20.041620196500162,FeasibleSQA,quantum-inspired (PIMC on F),0,19.677368473000115,False,True,False,1.0002518764539203,15.0,,,
H_12x12_s101,H,66,>20k,True,0.0,20.041620196500162,QAOA-seeded FeasibleSA,hybrid (subspace-sim QAOA seeds),0,17.757529033000083,False,True,True,1.0,,False,0.12187888314741074,
H_12x12_s101,H,66,>20k,True,0.0,20.041620196500162,FeasibleSA,classical,1,18.685124895000172,False,True,False,0.8540654482136734,,,,
H_12x12_s101,H,66,>20k,True,0.0,20.041620196500162,Tabu-on-F,classical,1,19.403619309000078,False,True,True,1.0,,,,
H_12x12_s101,H,66,>20k,True,0.0,20.041620196500162,SA-matched α=0.01 + repair,classical/hybrid,1,18.72627183900022,False,True,True,1.0,,,,
H_12x12_s101,H,66,>20k,True,0.0,20.041620196500162,FeasibleSQA,quantum-inspired (PIMC on F),1,18.99985692500013,False,True,False,0.8540654482136734,16.0,,,
H_12x12_s101,H,66,>20k,True,0.0,20.041620196500162,QAOA-seeded FeasibleSA,hybrid (subspace-sim QAOA seeds),1,19.573747422999986,False,True,False,0.8540654482136734,,False,0.0846505302328182,
H_12x12_s102,H,66,>20k,True,0.0,20.258733812499713,"MILP (HiGHS, 8 s cap)",classical,0,0.5072278239999832,False,True,True,1.0,,,,
H_12x12_s102,H,66,>20k,True,0.0,20.258733812499713,Greedy planner,classical,0,0.03220503500006089,False,True,True,1.0,,,,
H_12x12_s102,H,66,>20k,True,0.0,20.258733812499713,FeasibleSA,classical,0,18.534195684000224,False,True,False,0.8131165976888948,,,,
H_12x12_s102,H,66,>20k,True,0.0,20.258733812499713,Tabu-on-F,classical,0,20.284041436999814,False,True,True,1.0,,,,
H_12x12_s102,H,66,>20k,True,0.0,20.258733812499713,SA-matched α=0.01 + repair,classical/hybrid,0,18.60039968199999,False,True,True,1.0,,,,
H_12x12_s102,H,66,>20k,True,0.0,20.258733812499713,FeasibleSQA,quantum-inspired (PIMC on F),0,19.026008117999936,False,True,False,0.8998909753346753,14.0,,,
H_12x12_s102,H,66,>20k,True,0.0,20.258733812499713,QAOA-seeded FeasibleSA,hybrid (subspace-sim QAOA seeds),0,19.3592128639998,False,True,True,1.0,,False,0.14450430886071344,
H_12x12_s102,H,66,>20k,True,0.0,20.258733812499713,FeasibleSA,classical,1,17.910838089000208,False,True,True,1.0,,,,
H_12x12_s102,H,66,>20k,True,0.0,20.258733812499713,Tabu-on-F,classical,1,19.401584285000354,False,True,True,1.0,,,,
H_12x12_s102,H,66,>20k,True,0.0,20.258733812499713,SA-matched α=0.01 + repair,classical/hybrid,1,20.2146401519999,False,True,True,1.0,,,,
H_12x12_s102,H,66,>20k,True,0.0,20.258733812499713,FeasibleSQA,quantum-inspired (PIMC on F),1,19.695971697999994,False,True,True,1.0,15.0,,,
H_12x12_s102,H,66,>20k,True,0.0,20.258733812499713,QAOA-seeded FeasibleSA,hybrid (subspace-sim QAOA seeds),1,18.807566305000364,False,True,True,1.0,,False,0.12410418116562319,
C_park_8x8_s100,C,9,46,True,0.0,0.13091720849979538,"MILP (HiGHS, 8 s cap)",classical,0,0.029571662999842374,False,True,True,1.0,,,,
C_park_8x8_s100,C,9,46,True,0.0,0.13091720849979538,Greedy planner,classical,0,0.0003202620000593015,False,True,True,1.0,,,,
C_park_8x8_s100,C,9,46,True,0.0,0.13091720849979538,FeasibleSA,classical,0,0.12977927099973385,False,True,True,1.0,,,,
C_park_8x8_s100,C,9,46,True,0.0,0.13091720849979538,Tabu-on-F,classical,0,0.1299789640002018,False,True,True,1.0,,,,
C_park_8x8_s100,C,9,46,True,0.0,0.13091720849979538,SA-matched α=0.01 + repair,classical/hybrid,0,0.09510633099989718,False,True,True,1.0,,,,
C_park_8x8_s100,C,9,46,True,0.0,0.13091720849979538,FeasibleSQA,quantum-inspired (PIMC on F),0,0.11960994599985497,False,True,True,1.0,5.0,,,
C_park_8x8_s100,C,9,46,True,0.0,0.13091720849979538,QAOA-seeded FeasibleSA,hybrid (subspace-sim QAOA seeds),0,0.12559102800014443,False,True,True,1.0,,True,0.7867789329643718,
C_park_8x8_s100,C,9,46,True,0.0,0.13091720849979538,ConstrainedQAOA p=2,quantum (subspace sim),0,0.026502593999794044,False,True,True,1.0,,,,0.22825702698900208
C_park_8x8_s100,C,9,46,True,0.0,0.13091720849979538,ConstrainedQAOA p=4,quantum (subspace sim),0,0.13121458199975677,False,True,True,1.0,,,,0.2754645000231481
C_park_8x8_s100,C,9,46,True,0.0,0.13091720849979538,X-mixer penalty QAOA p=2,"quantum (state-vector sim), negative control",0,0.20066570199969647,True,True,True,0.0,,,,
C_park_8x8_s100,C,9,46,True,0.0,0.13091720849979538,FeasibleSA,classical,1,0.11616397100033282,False,True,True,1.0,,,,
C_park_8x8_s100,C,9,46,True,0.0,0.13091720849979538,Tabu-on-F,classical,1,0.13091924399986965,False,True,True,1.0,,,,
C_park_8x8_s100,C,9,46,True,0.0,0.13091720849979538,SA-matched α=0.01 + repair,classical/hybrid,1,0.08588695900016319,False,True,True,1.0,,,,
C_park_8x8_s100,C,9,46,True,0.0,0.13091720849979538,FeasibleSQA,quantum-inspired (PIMC on F),1,0.12205885699995633,False,True,True,1.0,6.0,,,
C_park_8x8_s100,C,9,46,True,0.0,0.13091720849979538,QAOA-seeded FeasibleSA,hybrid (subspace-sim QAOA seeds),1,0.12703110199981893,False,True,True,1.0,,True,0.7790626031110134,
C_park_8x8_s100,C,9,46,True,0.0,0.13091720849979538,ConstrainedQAOA p=2,quantum (subspace sim),1,0.028902341000048182,False,True,True,1.0,,,,0.2051653209139952
C_park_8x8_s100,C,9,46,True,0.0,0.13091720849979538,ConstrainedQAOA p=4,quantum (subspace sim),1,0.13115542600007757,False,True,True,1.0,,,,0.28812179461125703
C_park_8x8_s100,C,9,46,True,0.0,0.13091720849979538,X-mixer penalty QAOA p=2,"quantum (state-vector sim), negative control",1,0.20310005800001818,True,True,True,0.0,,,,
C_park_8x8_s101,C,9,46,True,0.0,0.14870225699996809,"MILP (HiGHS, 8 s cap)",classical,0,0.013957598000160942,False,True,True,1.0,,,,
C_park_8x8_s101,C,9,46,True,0.0,0.14870225699996809,Greedy planner,classical,0,0.00030962999971961835,False,True,True,1.0,,,,
C_park_8x8_s101,C,9,46,True,0.0,0.14870225699996809,FeasibleSA,classical,0,0.13753360800001246,False,True,True,1.0,,,,
C_park_8x8_s101,C,9,46,True,0.0,0.14870225699996809,Tabu-on-F,classical,0,0.14805335300025035,False,True,True,1.0,,,,
C_park_8x8_s101,C,9,46,True,0.0,0.14870225699996809,SA-matched α=0.01 + repair,classical/hybrid,0,0.08439144899966777,False,True,True,1.0,,,,
C_park_8x8_s101,C,9,46,True,0.0,0.14870225699996809,FeasibleSQA,quantum-inspired (PIMC on F),0,0.15094918800014057,False,True,True,1.0,6.0,,,
C_park_8x8_s101,C,9,46,True,0.0,0.14870225699996809,QAOA-seeded FeasibleSA,hybrid (subspace-sim QAOA seeds),0,0.15120662399976936,False,True,True,1.0,,True,0.7443867075552558,
C_park_8x8_s101,C,9,46,True,0.0,0.14870225699996809,ConstrainedQAOA p=2,quantum (subspace sim),0,0.048151283000152034,False,True,True,1.0,,,,0.28994620319931436
C_park_8x8_s101,C,9,46,True,0.0,0.14870225699996809,ConstrainedQAOA p=4,quantum (subspace sim),0,0.1494804139997541,False,True,True,1.0,,,,0.6338754962002295
C_park_8x8_s101,C,9,46,True,0.0,0.14870225699996809,X-mixer penalty QAOA p=2,"quantum (state-vector sim), negative control",0,0.23537731900023573,True,True,True,0.0,,,,
C_park_8x8_s101,C,9,46,True,0.0,0.14870225699996809,FeasibleSA,classical,1,0.1277655619996949,False,True,True,1.0,,,,
C_park_8x8_s101,C,9,46,True,0.0,0.14870225699996809,Tabu-on-F,classical,1,0.14834471700032736,False,True,True,1.0,,,,
C_park_8x8_s101,C,9,46,True,0.0,0.14870225699996809,SA-matched α=0.01 + repair,classical/hybrid,1,0.08520211700033542,False,True,True,1.0,,,,
C_park_8x8_s101,C,9,46,True,0.0,0.14870225699996809,FeasibleSQA,quantum-inspired (PIMC on F),1,0.13921414300011747,False,True,True,1.0,7.0,,,
C_park_8x8_s101,C,9,46,True,0.0,0.14870225699996809,QAOA-seeded FeasibleSA,hybrid (subspace-sim QAOA seeds),1,0.13907671400011168,False,True,True,1.0,,True,0.8054575189341961,
C_park_8x8_s101,C,9,46,True,0.0,0.14870225699996809,ConstrainedQAOA p=2,quantum (subspace sim),1,0.03668262399969535,False,True,True,1.0,,,,0.28994620319931436
C_park_8x8_s101,C,9,46,True,0.0,0.14870225699996809,ConstrainedQAOA p=4,quantum (subspace sim),1,0.1489391599998271,False,True,True,1.0,,,,0.6340003642401841
C_park_8x8_s101,C,9,46,True,0.0,0.14870225699996809,X-mixer penalty QAOA p=2,"quantum (state-vector sim), negative control",1,0.1915708579999773,False,True,True,1.0,,,,
C_park_8x8_s102,C,9,46,True,0.0,0.12779871549992095,"MILP (HiGHS, 8 s cap)",classical,0,0.015717407000011008,False,True,True,1.0,,,,
C_park_8x8_s102,C,9,46,True,0.0,0.12779871549992095,Greedy planner,classical,0,0.0004177619998699811,False,True,True,1.0,,,,
C_park_8x8_s102,C,9,46,True,0.0,0.12779871549992095,FeasibleSA,classical,0,0.119597985999917,False,True,True,1.0,,,,
C_park_8x8_s102,C,9,46,True,0.0,0.12779871549992095,Tabu-on-F,classical,0,0.12366988400026457,False,True,True,1.0,,,,
C_park_8x8_s102,C,9,46,True,0.0,0.12779871549992095,SA-matched α=0.01 + repair,classical/hybrid,0,0.133904105000056,False,True,True,1.0,,,,
C_park_8x8_s102,C,9,46,True,0.0,0.12779871549992095,FeasibleSQA,quantum-inspired (PIMC on F),0,0.10952879299975393,False,True,True,1.0,4.0,,,
C_park_8x8_s102,C,9,46,True,0.0,0.12779871549992095,QAOA-seeded FeasibleSA,hybrid (subspace-sim QAOA seeds),0,0.12102875900018262,False,True,True,1.0,,True,0.7960328338127765,
C_park_8x8_s102,C,9,46,True,0.0,0.12779871549992095,ConstrainedQAOA p=2,quantum (subspace sim),0,0.04690668100010953,False,True,True,1.0,,,,0.29220862522134866
C_park_8x8_s102,C,9,46,True,0.0,0.12779871549992095,ConstrainedQAOA p=4,quantum (subspace sim),0,0.12802367099993717,False,True,True,1.0,,,,0.4226260002823439
C_park_8x8_s102,C,9,46,True,0.0,0.12779871549992095,X-mixer penalty QAOA p=2,"quantum (state-vector sim), negative control",0,0.221436951999749,True,True,True,0.0,,,,
C_park_8x8_s102,C,9,46,True,0.0,0.12779871549992095,FeasibleSA,classical,1,0.1211807080003382,False,True,True,1.0,,,,
C_park_8x8_s102,C,9,46,True,0.0,0.12779871549992095,Tabu-on-F,classical,1,0.12612966000006054,False,True,True,1.0,,,,
C_park_8x8_s102,C,9,46,True,0.0,0.12779871549992095,SA-matched α=0.01 + repair,classical/hybrid,1,0.09159026300039841,False,True,True,1.0,,,,
C_park_8x8_s102,C,9,46,True,0.0,0.12779871549992095,FeasibleSQA,quantum-inspired (PIMC on F),1,0.12018445600006089,False,True,True,1.0,5.0,,,
C_park_8x8_s102,C,9,46,True,0.0,0.12779871549992095,QAOA-seeded FeasibleSA,hybrid (subspace-sim QAOA seeds),1,0.14900658899978225,False,True,True,1.0,,True,0.9266409621655866,
C_park_8x8_s102,C,9,46,True,0.0,0.12779871549992095,ConstrainedQAOA p=2,quantum (subspace sim),1,0.030965700000251672,False,True,True,1.0,,,,0.3424141724902363
C_park_8x8_s102,C,9,46,True,0.0,0.12779871549992095,ConstrainedQAOA p=4,quantum (subspace sim),1,0.12824980999994295,False,True,True,1.0,,,,0.40423682897077867
C_park_8x8_s102,C,9,46,True,0.0,0.12779871549992095,X-mixer penalty QAOA p=2,"quantum (state-vector sim), negative control",1,0.2135131210002328,True,True,True,0.0,,,,
