method,kind,family,n_mean,n_feasible,instances,certified,P_feas,P_opt,benefit_mean,benefit_min,benefit_max,wall_s_mean,T_star_mean,best_classical,comparable
"MILP (HiGHS, 8 s cap)",classical,H,44.0,"911,822,>20k,2484",9,9/9,1.0,1.0,1.0,1.0,1.0,0.8091868676666409,8.378549939222202,"MILP (HiGHS, 8 s cap) (1.0000)",yes
Greedy planner,classical,H,44.0,"911,822,>20k,2484",9,9/9,0.3333333333333333,0.3333333333333333,0.3333333333333333,0.0,1.0,0.00872339077775703,8.378549939222202,"MILP (HiGHS, 8 s cap) (1.0000)",no
FeasibleSA,classical,H,44.0,"911,822,>20k,2484",9,9/9,1.0,0.7777777777777778,0.9733161884483287,0.8131165976888948,1.0,7.693319473555574,8.378549939222202,"MILP (HiGHS, 8 s cap) (1.0000)",yes
Tabu-on-F,classical,H,44.0,"911,822,>20k,2484",9,9/9,1.0,0.7777777777777778,0.9763899258282076,0.7079341143075366,1.0,8.119670731111139,8.378549939222202,"MILP (HiGHS, 8 s cap) (1.0000)",yes
SA-matched α=0.01 + repair,classical/hybrid,H,44.0,"911,822,>20k,2484",9,9/9,0.8333333333333334,0.7222222222222222,0.8309926313658664,0.0,1.0,7.846684488000013,8.378549939222202,"MILP (HiGHS, 8 s cap) (1.0000)",no
FeasibleSQA,quantum-inspired (PIMC on F),H,44.0,"911,822,>20k,2484",9,9/9,1.0,0.7222222222222222,0.9811083992824354,0.8540654482136734,1.0002518764539203,7.974666643388913,8.378549939222202,"MILP (HiGHS, 8 s cap) (1.0000)",yes
QAOA-seeded FeasibleSA,hybrid (subspace-sim QAOA seeds),H,44.0,"911,822,>20k,2484",9,9/9,1.0,0.8333333333333334,0.8725874885767234,0.0,1.0,8.094993096277802,8.378549939222202,"MILP (HiGHS, 8 s cap) (1.0000)",no
ConstrainedQAOA p=2,quantum (subspace sim),H,27.0,"911,822,2484",3,3/3,1.0,0.5,0.6582601382741555,0.0,1.0,2.008190787666687,1.4630224581666955,"MILP (HiGHS, 8 s cap) (1.0000)",no
ConstrainedQAOA p=4,quantum (subspace sim),H,27.0,"911,822,2484",3,3/3,1.0,0.16666666666666666,0.6647452405589108,0.0,1.0,2.2214295539999966,1.4630224581666955,"MILP (HiGHS, 8 s cap) (1.0000)",no
"MILP (HiGHS, 8 s cap)",classical,C,9.0,46,3,3/3,1.0,1.0,1.0,1.0,1.0,0.01974888933333811,0.13580606033322815,"MILP (HiGHS, 8 s cap) (1.0000)",yes
Greedy planner,classical,C,9.0,46,3,3/3,1.0,1.0,1.0,1.0,1.0,0.000349217999882967,0.13580606033322815,"MILP (HiGHS, 8 s cap) (1.0000)",yes
FeasibleSA,classical,C,9.0,46,3,3/3,1.0,1.0,1.0,1.0,1.0,0.12533685100000488,0.13580606033322815,"MILP (HiGHS, 8 s cap) (1.0000)",yes
Tabu-on-F,classical,C,9.0,46,3,3/3,1.0,1.0,1.0,1.0,1.0,0.13451597033349572,0.13580606033322815,"MILP (HiGHS, 8 s cap) (1.0000)",yes
SA-matched α=0.01 + repair,classical/hybrid,C,9.0,46,3,3/3,1.0,1.0,1.0,1.0,1.0,0.09601353733341966,0.13580606033322815,"MILP (HiGHS, 8 s cap) (1.0000)",yes
FeasibleSQA,quantum-inspired (PIMC on F),C,9.0,46,3,3/3,1.0,1.0,1.0,1.0,1.0,0.1269242304999807,0.13580606033322815,"MILP (HiGHS, 8 s cap) (1.0000)",yes
QAOA-seeded FeasibleSA,hybrid (subspace-sim QAOA seeds),C,9.0,46,3,3/3,1.0,1.0,1.0,1.0,1.0,0.1354901359999682,0.13580606033322815,"MILP (HiGHS, 8 s cap) (1.0000)",yes
ConstrainedQAOA p=2,quantum (subspace sim),C,9.0,46,3,3/3,1.0,1.0,1.0,1.0,1.0,0.03635187050000847,0.13580606033322815,"MILP (HiGHS, 8 s cap) (1.0000)",yes
ConstrainedQAOA p=4,quantum (subspace sim),C,9.0,46,3,3/3,1.0,1.0,1.0,1.0,1.0,0.13617717716654928,0.13580606033322815,"MILP (HiGHS, 8 s cap) (1.0000)",yes
X-mixer penalty QAOA p=2,"quantum (state-vector sim), negative control",C,9.0,46,3,3/3,1.0,1.0,0.16666666666666666,0.0,1.0,0.2109440016666516,0.13580606033322815,"MILP (HiGHS, 8 s cap) (1.0000)",no
