instance,family,grid,solver,n_vars,p_success,p_feasible,best_gap_C,time_per_read_s,mean_benefit_ratio
park_8x8_s0,park,8,GreedyPlanner,13,1.0,1.0,0.0,0.000379725000129838,1.0
park_8x8_s1,park,8,GreedyPlanner,13,1.0,1.0,0.0,0.0003901310001310776,1.0
park_8x8_s2,park,8,GreedyPlanner,13,1.0,1.0,0.0,0.000439584000105242,1.0
park_10x10_s0,park,10,GreedyPlanner,17,0.0,1.0,4.510370160204502e-05,0.001046308999775647,0.9999587396512181
park_10x10_s1,park,10,GreedyPlanner,17,1.0,1.0,0.0,0.0010643099999469996,1.0
park_10x10_s2,park,10,GreedyPlanner,17,1.0,1.0,0.0,0.0009937499999068677,1.0
park_12x12_s0,park,12,GreedyPlanner,27,0.0,1.0,0.0013429966518607728,0.0034055139999509265,0.9987867075244927
park_12x12_s1,park,12,GreedyPlanner,27,1.0,1.0,0.0,0.0033307939997939684,1.0
park_12x12_s2,park,12,GreedyPlanner,27,0.0,1.0,0.0009165385795526504,0.0032304880000992853,0.9991655239138986
park_14x14_s0,park,14,GreedyPlanner,32,1.0,1.0,0.0,0.007615643000008276,1.0
park_14x14_s1,park,14,GreedyPlanner,32,1.0,1.0,0.0,0.007143918000110716,1.0
park_14x14_s2,park,14,GreedyPlanner,32,0.0,1.0,0.026627353253182662,0.010787312000047677,0.9773925492907151
park_16x16_s0,park,16,GreedyPlanner,46,0.0,1.0,0.01795014507248638,0.022854604999793082,0.9858008455891328
park_16x16_s1,park,16,GreedyPlanner,46,0.0,1.0,0.0065437597906239375,0.022902366999915102,0.9948167239913881
park_16x16_s2,park,16,GreedyPlanner,46,0.0,1.0,0.03651605848882866,0.022979158999987703,0.9706169732186294
mix+equity_8x8_s0,mix+equity,8,GreedyPlanner,44,1.0,1.0,0.0,0.002299090000178694,1.0
mix+equity_8x8_s1,mix+equity,8,GreedyPlanner,42,1.0,1.0,0.0,0.0023478849998355145,1.0
mix+equity_8x8_s2,mix+equity,8,GreedyPlanner,42,0.0,0.0,-0.03808088688110445,0.0024736360001043067,0.0
mix+equity_10x10_s0,mix+equity,10,GreedyPlanner,56,0.0,0.0,0.0040678546464150145,0.007161960000303225,0.0
mix+equity_10x10_s1,mix+equity,10,GreedyPlanner,56,1.0,1.0,0.0,0.005664995000188355,1.0
mix+equity_10x10_s2,mix+equity,10,GreedyPlanner,56,1.0,1.0,0.0,0.00560812799994892,1.0
mix+equity_12x12_s0,mix+equity,12,GreedyPlanner,89,0.0,0.0,0.0023055147922370622,0.019872623999617645,0.0
mix+equity_12x12_s1,mix+equity,12,GreedyPlanner,89,0.0,0.0,0.0012596217891598371,0.019405654999900435,0.0
mix+equity_12x12_s2,mix+equity,12,GreedyPlanner,89,0.0,0.0,-0.0023148828564885093,0.02011763000064093,0.0
