family,grid,solver,n_vars,p_success,p_success_pp,p_feasible,mean_benefit_ratio,mean_benefit_ratio_pp,best_gap_C,tts99_s,tts99_s_pp,time_per_read_s,n_vars_q25,p_success_q25,p_success_pp_q25,p_feasible_q25,mean_benefit_ratio_q25,mean_benefit_ratio_pp_q25,best_gap_C_q25,tts99_s_q25,tts99_s_pp_q25,time_per_read_s_q25,n_vars_q75,p_success_q75,p_success_pp_q75,p_feasible_q75,mean_benefit_ratio_q75,mean_benefit_ratio_pp_q75,best_gap_C_q75,tts99_s_q75,tts99_s_pp_q75,time_per_read_s_q75
mix+equity,8,Greedy,42.0,0.0,0.03125,0.359375,0.23912596303756412,0.8019743653526326,0.21120004419882754,inf,2.277837928839005,5.011656250530905e-05,42.0,0.0,0.03125,0.3046875,0.2054519024867969,0.7569508513571966,0.1958737261669352,,1.1712020173728264,4.9177429694680086e-05,44.0,0.0,0.0625,0.40625,0.25466356632861686,0.822050940424824,0.26820107452244724,,2.5641844716508455,5.163106250094529e-05
mix+equity,8,Random,42.0,0.0,0.03125,0.0,0.0,0.8090933264758751,,inf,5.012441940076269,7.6812187543851e-06,42.0,0.0,0.03125,0.0,0.0,0.7733608060643755,,,2.6534954847168324,6.783882806615793e-06,44.0,0.0,0.0625,0.0,0.0,0.8167266929305163,,,5.5337371602586085,7.982117185889592e-06
mix+equity,8,SA,42.0,0.0,0.0625,0.984375,0.6166105477928028,0.8371983128473832,0.17410275412515652,inf,1.5111104073656123,0.004364714249994961,42.0,0.0,0.0234375,0.9375,0.6008366165452769,0.802590715762896,0.15377233039613714,,0.9456285499687889,0.004275182835932867,44.0,0.0,0.1015625,1.0,0.6269737818069423,0.8614788741381636,0.19479200513258732,,inf,0.004481298343751661
mix+equity,8,SA-matched,42.0,0.0,0.265625,1.0,0.8050121303748181,0.9049524464381797,0.08351155201442495,inf,1.3024883599630286,0.07374288225000214,42.0,0.0,0.2109375,1.0,0.7847671228208367,0.8934926413577213,0.042803133416529526,inf,0.8506035184360143,0.07337405550000753,44.0,0.0078125,0.3828125,1.0,0.8183631768335231,0.9142741557306293,0.12410405245029388,,1.8015763942488536,0.07511380731249773
mix+equity,8,SQA,42.0,0.0,0.203125,1.0,0.8316654971207356,0.8949861280798699,0.077745804087483,inf,3.85159345191028,0.1737362445468733,42.0,0.0,0.15625,1.0,0.8241919743111678,0.8868601664321181,0.05443096056784924,,3.2494530208458308,0.17211062663280785,44.0,0.0,0.2265625,1.0,0.8391385897622496,0.8994319088773437,0.10123959186409959,,5.075799685825354,0.17620588545312543
mix+equity,8,SQA-fixedT,42.0,0.0,0.109375,0.78125,0.5119524233441677,0.845693189203681,0.14128029038945478,inf,9.827473168184184,0.22597953445312413,42.0,0.0,0.0546875,0.765625,0.4685539789398571,0.8229031305940198,0.07683621914383032,,6.667471504723963,0.2243792398046942,44.0,0.0,0.15625,0.84375,0.5350230542740201,0.8538002370642419,0.17648480536163635,,21.718815089588915,0.22725053948437335
mix+equity,8,Tabu,42.0,0.0,0.0,1.0,0.7025418625959862,0.7701515999007493,0.17428616428478882,inf,inf,0.004144237843746623,42.0,0.0,0.0,1.0,0.6847857624382666,0.7532581672331489,0.161766345860757,,1.2516266343305482,0.0040736574609390175,44.0,0.0,0.0625,1.0,0.7307423532037359,0.7793524210391243,0.19142375004102252,,,0.004243704765624301
mix+equity,10,Greedy,56.0,0.0,0.0,0.3125,0.1878786217561444,0.7517634147932173,0.30753514586731256,inf,inf,9.85533906288083e-05,56.0,0.0,0.0,0.2109375,0.1290048326773582,0.7274738560182279,0.28978691606371143,,inf,9.551450779810011e-05,56.0,0.0,0.0078125,0.3515625,0.21436245666890053,0.7918042308899017,0.3478475750450043,,,0.00010232070312454766
mix+equity,10,Random,56.0,0.0,0.0,0.0,0.0,0.7553304147115121,,inf,inf,8.608046876190656e-06,56.0,0.0,0.0,0.0,0.0,0.7337954879589442,,,14.194543860371818,8.475398445284554e-06,56.0,0.0,0.03125,0.0,0.0,0.773991605830453,,,,9.258679693147087e-06
mix+equity,10,SA,56.0,0.0,0.046875,1.0,0.592082051755458,0.8443128117652301,0.2767289093973737,inf,5.151242823825508,0.007022522968753719,56.0,0.0,0.0234375,1.0,0.5750552598947376,0.8288257495271387,0.22279662770513387,,2.3543937026336845,0.006942418195322375,56.0,0.0,0.1015625,1.0,0.6147168428407717,0.8606744376774316,0.3027718971301274,,inf,0.007097539765609895
mix+equity,10,SA-matched,56.0,0.0,0.1875,1.0,0.7669096170304897,0.9033431228002189,0.14957771742701986,inf,3.534035159152038,0.12003988351561645,56.0,0.0,0.1171875,1.0,0.7642043216433785,0.8914128666712607,0.13466225273392052,,3.0848688728982268,0.11827568163279523,56.0,0.0,0.21875,1.0,0.7731782759144952,0.917410079912435,0.17873379427252978,,5.813482082236775,0.12107449078905574
mix+equity,10,SQA,56.0,0.0,0.125,1.0,0.7867954688321502,0.894260675477676,0.14562538014228998,inf,12.154691823375387,0.2948239091718676,56.0,0.0,0.09375,1.0,0.78300952889821,0.8835063126454198,0.132636930673236,,7.185900048913215,0.2934707286718705,56.0,0.0,0.1953125,1.0,0.7918626363912316,0.9060894638403945,0.17469375641237495,,15.464353803166516,0.29969178821875886
mix+equity,10,SQA-fixedT,56.0,0.0,0.0625,0.609375,0.3573955911958794,0.8396529713640192,0.29430835022514756,inf,31.9455137674732,0.39494808843749496,56.0,0.0,0.03125,0.5546875,0.30507007098991434,0.8190762556245897,0.23525598012785665,,20.95040564845598,0.3936563762812497,56.0,0.0,0.09375,0.6875,0.3793267203374384,0.8691075402915681,0.3182579966214947,,64.08616541447401,0.39955876935155743
mix+equity,10,Tabu,56.0,0.0,0.0,1.0,0.764164144701079,0.820213819947903,0.24340173883055805,inf,inf,0.01286544943750556,56.0,0.0,0.0,1.0,0.7475887641862424,0.8172134594508613,0.20502757668383165,,,0.012532101992178468,56.0,0.0,0.0,1.0,0.7715645577794775,0.8256485161650957,0.2502158079658736,,,0.013638944585935064
mix+equity,12,Greedy,89.0,0.0,0.0,0.328125,0.154959725664078,0.6299771204577038,0.40715497291006564,inf,inf,0.0002990640312390269,89.0,0.0,0.0,0.2734375,0.12504089283148764,0.6130606047877514,0.3811008009534156,,,0.00029649694531030946,89.0,0.0,0.0,0.34375,0.17071321095479788,0.6352399027707958,0.4584045108764476,,,0.00030515183592427775
mix+equity,12,Random,89.0,0.0,0.0,0.0,0.0,0.6178975080572462,,inf,inf,1.5622828115624543e-05,89.0,0.0,0.0,0.0,0.0,0.6112780193558915,,,,1.444827343277666e-05,89.0,0.0,0.0,0.0,0.0,0.6263723052534539,,,,1.5943273439233963e-05
mix+equity,12,SA,89.0,0.0,0.0,1.0,0.5138343497495228,0.7988375918958822,0.32808668972525545,inf,inf,0.014624713406249157,89.0,0.0,0.0,0.96875,0.5051550887543829,0.7766665585067067,0.2866354802086386,,32.45083379915535,0.014356625210950824,89.0,0.0,0.03125,1.0,0.5218587238231439,0.8106086434750149,0.3471089931193818,,,0.014851882945315253
mix+equity,12,SA-matched,89.0,0.0,0.03125,1.0,0.6830771879617865,0.8800419582649348,0.22535930139068228,inf,63.38931569075334,0.24724067546875972,89.0,0.0,0.0234375,1.0,0.6773806338928963,0.8748202672283831,0.1935495671783487,,27.897459946014525,0.24419731792186639,89.0,0.0,0.0703125,1.0,0.6942723257667902,0.888058953164482,0.2340210676807546,,inf,0.25083244171091934
mix+equity,12,SQA,89.0,0.0,0.015625,1.0,0.7115449578922848,0.850638554321975,0.20068552722760913,inf,inf,0.6146699214843636,89.0,0.0,0.0,1.0,0.7051973538033386,0.8438169707662084,0.16973224158494027,,116.1068928591112,0.609365741367192,89.0,0.0,0.03125,1.0,0.7125022945486389,0.8640601215167205,0.23652179393044115,,,0.6206673164062408
mix+equity,12,SQA-fixedT,89.0,0.0,0.0,0.421875,0.2010437353111053,0.8063337989646577,0.4615147516554785,inf,inf,0.8004469325624939,89.0,0.0,0.0,0.3359375,0.15060947938275335,0.7959149455481223,0.42362109330772135,,147.7931735700733,0.7962745171953003,89.0,0.0,0.03125,0.46875,0.21452136775651465,0.8185095288973799,0.48032351491155545,,,0.8093573593984544
mix+equity,12,Tabu,89.0,0.0,0.0,0.9375,0.5643914777398706,0.6626578875250666,0.3194414076489416,inf,inf,0.036660887453138,89.0,0.0,0.0,0.90625,0.5274352445268419,0.6560308762583824,0.3107351869661361,,,0.03532305764062471,89.0,0.0,0.0,1.0,0.5920055772814221,0.6705775457501426,0.3300660259272643,,,0.037112954609376914
park,8,Greedy,13.0,0.203125,1.0,0.734375,0.6645204454744664,1.0,0.0,0.00015171820332002614,0.001511598000000447,6.9721406177336576e-06,13.0,0.1484375,1.0,0.6796875,0.6102027768844213,1.0,0.0,0.0001254534183129727,0.0014215012421914253,6.8271015649656874e-06,13.0,0.2265625,1.0,0.78125,0.7130760280361168,1.0,0.0,0.0002424275173457268,0.0015594637187454907,7.379445314370514e-06
park,8,QAOA(p=4),13.0,0.01171875,1.0,0.78515625,0.523628091583582,1.0,0.0,4.119628500350645,0.011571591191406938,0.009866673792968683,13.0,0.0078125,1.0,0.78125,0.5086299103837089,1.0,0.0,2.8332575711729318,0.011461697582032304,0.009692578844727961,13.0,0.0166015625,1.0,0.7861328125,0.5769346024796096,1.0,0.0,5.744041810792576,0.012161885917968185,0.010439454023437378
park,8,Random,13.0,0.0,1.0,0.0625,0.05304751713861964,1.0,0.08846706223109457,inf,0.0024433858593724267,3.7516874940024536e-06,13.0,0.0,1.0,0.0625,0.05106302604052848,1.0,0.061167336850179055,,0.0023771914843599973,3.6043437425803404e-06,13.0,0.0,1.0,0.078125,0.06300577798628777,1.0,0.1079868209064827,,0.002545385640626563,4.115874993715352e-06
park,8,SA,13.0,0.484375,1.0,1.0,0.9729476493144773,1.0,0.0,0.006272499186725227,0.002056619031243656,0.0008393895468685741,13.0,0.4296875,1.0,1.0,0.9652114743370737,1.0,0.0,0.005626718555932781,0.0020156753281384,0.0008296407187522448,13.0,0.5078125,1.0,1.0,0.9804660231157575,1.0,0.0,0.007706965882394782,0.0021036925078163904,0.0009109912031242118
park,8,SA-matched,13.0,1.0,1.0,1.0,1.0,1.0,0.0,0.013830121093754144,0.014736968515634885,0.013830121093754144,13.0,1.0,1.0,1.0,1.0,1.0,0.0,0.01367045097655506,0.014560967804683855,0.01367045097655506,13.0,1.0,1.0,1.0,1.0,1.0,0.0,0.014224021773436846,0.015119201742187727,0.014224021773436846
park,8,SQA,13.0,1.0,1.0,1.0,1.0,1.0,0.0,0.02437654023437119,0.025323967968745364,0.02437654023437119,13.0,1.0,1.0,1.0,1.0,1.0,0.0,0.02414040407031237,0.02503930140624533,0.02414040407031237,13.0,1.0,1.0,1.0,1.0,1.0,0.0,0.024927219687498336,0.025837105468742294,0.024927219687498336
park,8,SQA-fixedT,13.0,1.0,1.0,1.0,1.0,1.0,0.0,0.03826032987499417,0.03933122798436983,0.03826032987499417,13.0,1.0,1.0,1.0,1.0,1.0,0.0,0.03766132170313341,0.03857162332813857,0.03766132170313341,13.0,1.0,1.0,1.0,1.0,1.0,0.0,0.0386487077109372,0.039656225945314816,0.0386487077109372
park,8,Tabu,13.0,1.0,1.0,1.0,1.0,1.0,0.0,0.00020376001562283363,0.0011001567968733639,0.00020376001562283363,13.0,1.0,1.0,1.0,1.0,1.0,0.0,0.00019777547655763783,0.0010819044140717438,0.00019777547655763783,13.0,1.0,1.0,1.0,1.0,1.0,0.0,0.00021116273437371547,0.001121324476560659,0.00021116273437371547
park,10,Greedy,17.0,0.0625,1.0,1.0,0.8682107649167259,1.0,0.0,0.0007189823033142489,0.0034182884062516905,1.0174031245924198e-05,17.0,0.0546875,1.0,1.0,0.8502584274371379,1.0,0.0,0.0006176798665988039,0.003350785539058876,9.324656257803099e-06,17.0,0.0703125,1.0,1.0,0.8792889889356004,1.0,0.0,0.0010068860386565459,0.0037012508281364376,1.1325734377010122e-05
park,10,Random,17.0,0.0,1.0,0.09375,0.06220269745518055,1.0,0.153915393324354,inf,0.005900181703125895,4.023765626470777e-06,17.0,0.0,1.0,0.0859375,0.043832097283691265,1.0,0.11442671033011642,,0.005693725976559705,3.889609377694114e-06,17.0,0.0,1.0,0.1015625,0.07926089001613801,1.0,0.2128157772608832,,0.00607195064844035,4.234226555155374e-06
park,10,SA,17.0,0.03125,1.0,1.0,0.9491134793931245,1.0,0.0,0.177221328461326,0.004276100328134191,0.0012330829374960217,17.0,0.03125,1.0,1.0,0.944869322314428,1.0,0.0,0.15479525228945257,0.004191441257813011,0.001217342156245138,17.0,0.0390625,1.0,1.0,0.9589577443444646,1.0,0.0,0.1813840347202762,0.004390620757796171,0.0012559850312534593
park,10,SA-matched,17.0,0.484375,1.0,1.0,0.9949353969461739,1.0,0.0,0.14785531908343513,0.02299914865624686,0.02075564907812577,17.0,0.4375,1.0,1.0,0.9935551017808771,1.0,0.0,0.11043062755701406,0.022649232687495413,0.020516205687496125,17.0,0.5703125,1.0,1.0,0.9963229984928302,1.0,0.0,0.16426897208253807,0.023225150507808934,0.02105763951562878
park,10,SQA,17.0,0.5625,1.0,1.0,0.9949986415361473,1.0,0.0,0.21329646847012657,0.03939158735936843,0.03712051832812335,17.0,0.5234375,1.0,1.0,0.9932343937118919,1.0,0.0,0.19249979037291035,0.0390667285312567,0.036881079468756184,17.0,0.59375,1.0,1.0,0.9958468556297795,1.0,0.0,0.23048331827450586,0.039807111445323784,0.037661904101565113
park,10,SQA-fixedT,17.0,0.84375,1.0,1.0,0.9985886065690013,1.0,0.0,0.14297696272973914,0.059638069078125966,0.0577348565937541,17.0,0.8125,1.0,1.0,0.9973970124256835,1.0,0.0,0.13095929233287992,0.05914473891406402,0.05727183857812079,17.0,0.875,1.0,1.0,0.9992553812299818,1.0,0.0,0.1586199744794901,0.06000031751562673,0.05809517640624762
park,10,Tabu,17.0,1.0,1.0,1.0,1.0,1.0,0.0,0.0005707672343717718,0.002284850015627171,0.0005707672343717718,17.0,1.0,1.0,1.0,1.0,1.0,0.0,0.0005538621093705842,0.0022699347734516095,0.0005538621093705842,17.0,1.0,1.0,1.0,1.0,1.0,0.0,0.0005755165703185128,0.0023220627968640883,0.0005755165703185128
park,12,Greedy,27.0,0.0,1.0,0.46875,0.4184510604478524,1.0,0.003505999742779764,inf,0.012774010484385201,2.145621875371262e-05,27.0,0.0,1.0,0.4375,0.40427296717282013,1.0,4.226007778029839e-05,,0.012325103929683223,1.9966070315291518e-05,27.0,0.0,1.0,0.5078125,0.4468410849675728,1.0,0.015203551322472642,,0.0137147350703124,2.3510773434765042e-05
park,12,Random,27.0,0.0,1.0,0.015625,0.008357181036372306,1.0,0.3425313987500438,inf,0.023406624374999296,5.298593748648273e-06,27.0,0.0,1.0,0.0,0.0,1.0,0.17605324632676211,,0.022322637156246827,5.162984379580848e-06,27.0,0.0,1.0,0.03125,0.019495591701901648,1.0,0.5064179333939514,,0.023839587843760057,6.220023440306477e-06
park,12,SA,27.0,0.0,1.0,1.0,0.9087278172897308,1.0,0.037513908993908274,inf,0.013866650906265932,0.0024604033281221405,27.0,0.0,1.0,1.0,0.9027751159331457,1.0,0.015835405545121084,,0.013356474593742007,0.0024368667187424364,27.0,0.0,1.0,1.0,0.9116420377726171,1.0,0.04158858064322679,,0.014340088500002679,0.0024830785468772376
park,12,SA-matched,27.0,0.0,1.0,1.0,0.9633927984303322,1.0,0.0070855328718497645,inf,0.05040225631250195,0.041505439375001174,27.0,0.0,1.0,1.0,0.9606772233868783,1.0,0.003659088655554754,,0.04960434749999365,0.040878694578125874,27.0,0.0,1.0,1.0,0.9670715958808587,1.0,0.00962493533921105,,0.0517744671640763,0.042644004234379196
park,12,SQA,27.0,0.0,1.0,1.0,0.9614552997701838,1.0,0.010825868918692194,inf,0.09405017581250519,0.0853993472343717,27.0,0.0,1.0,1.0,0.9606653781813863,1.0,0.0038531712675755614,,0.09326824778125697,0.08396359989063029,27.0,0.0,1.0,1.0,0.9639441232293184,1.0,0.012631582207202285,,0.09603418957031451,0.08581869121094243
park,12,SQA-fixedT,27.0,0.0,1.0,1.0,0.9651251940663291,1.0,0.00591211934262148,inf,0.13379465365624554,0.124357451531246,27.0,0.0,1.0,1.0,0.9640320969231787,1.0,0.001212180949657693,,0.13098935953906832,0.12240069128906583,27.0,0.0,1.0,1.0,0.9683954848398353,1.0,0.010897004189565074,,0.1355813022656207,0.12550829047656364
park,12,Tabu,27.0,1.0,1.0,1.0,1.0,1.0,0.0,0.0019647699687439513,0.006570568921866027,0.0018753603593779644,27.0,0.96875,1.0,1.0,0.9968888701118077,1.0,0.0,0.001874631507813973,0.006450253953122598,0.001860228382806639,27.0,1.0,1.0,1.0,1.0,1.0,0.0,0.0024333815253525888,0.006808124312499331,0.001913648789059863
park,14,Greedy,32.0,0.0,0.734375,1.0,0.9141902371839393,0.9997589531910207,0.0051626904827450915,inf,0.07603571113305892,2.9000593748662595e-05,32.0,0.0,0.5546875,1.0,0.9034305391641487,0.9997257053552995,0.003243692126368103,,0.02299012266406919,2.7439031249798518e-05,32.0,0.0,1.0,1.0,0.9320957624438746,1.0,0.01739609346148363,,0.10346337501495445,2.9500234372648038e-05
park,14,Random,32.0,0.0,0.75,0.015625,0.010432013416822527,0.9997709802853986,0.30173125898595643,inf,0.13620555817612276,6.06349999543454e-06,32.0,0.0,0.546875,0.0,0.0,0.9997257053552994,0.267868922448824,,0.040080804117199165,5.932195314528599e-06,32.0,0.0,1.0,0.03125,0.02274000654896871,1.0,0.33981811711261933,,0.22906088914366143,7.063023439002336e-06
park,14,SA,32.0,0.0,0.734375,1.0,0.9276981155895336,0.9997755771088813,0.027888712229120927,inf,0.08645904961075049,0.003128325593749537,32.0,0.0,0.640625,1.0,0.9202508061382518,0.9997280508628675,0.022168545326135103,,0.02407393571875005,0.0031113852812580944,32.0,0.0,1.0,1.0,0.9438241162101952,1.0,0.036476737861178776,,0.10844664748265455,0.003150489249996724
park,14,SA-matched,32.0,0.0,0.796875,1.0,0.9645229143771091,0.9998088249446027,0.011444570438527535,inf,0.21075513154622108,0.053701452046873044,32.0,0.0,0.6484375,1.0,0.959552285980394,0.9997728378531223,0.007983633510342258,,0.07201938649219031,0.053205528437501926,32.0,0.0,1.0,1.0,0.9771851323906198,1.0,0.01497797109867971,,0.3134603682160375,0.055289814273432825
park,14,SQA,32.0,0.0,0.75,1.0,0.9622578366084297,0.9998005129856723,0.013712107071667035,inf,0.46353299879221754,0.11870018745312194,32.0,0.0,0.625,1.0,0.9596195447854335,0.9997547972115555,0.009942577713250245,,0.13707174706249958,0.1166543897890655,32.0,0.0,1.0,1.0,0.9770005912587825,1.0,0.01939056802624073,,0.653023704530269,0.12053958894530226
park,14,SQA-fixedT,32.0,0.0,0.71875,1.0,0.9659714702908961,0.9997792922443289,0.008500711713196552,inf,0.664518149810832,0.1649377160000043,32.0,0.0,0.6171875,1.0,0.9620567762050432,0.9997160237684896,0.00687059397568035,,0.18490338047656252,0.16447646427343443,32.0,0.0,1.0,1.0,0.9788746153014142,1.0,0.01508278913226846,,0.8724554605612602,0.16609690907031194
park,14,Tabu,32.0,0.9375,1.0,1.0,0.9974303300337766,1.0,0.0,0.0054315827641358795,0.011721986703122411,0.0034464702656293866,32.0,0.8984375,0.9609375,1.0,0.9946364865522981,0.9999792201026743,0.0,0.004863904832981902,0.010568505187499966,0.0032809928515611375,32.0,0.9453125,1.0,1.0,0.9999697296897162,1.0,0.0,0.007100181575089187,0.014262816237569188,0.003509075507810877
park,16,Greedy,46.0,0.0,1.0,1.0,0.916522771738892,1.0,0.02370165519884182,inf,0.06544695445312243,6.190787500059969e-05,46.0,0.0,0.9921875,1.0,0.9072639387622536,0.9999765917803338,0.012720761776546574,,0.06492079870311684,5.9046999997036664e-05,46.0,0.0,1.0,1.0,0.9249969696558796,1.0,0.026038392587950376,,0.07004453876233482,6.353275781378898e-05
park,16,Random,46.0,0.0,1.0,0.015625,0.010312640393344855,1.0,0.2855980197860166,inf,0.1214844217968718,8.710718745419399e-06,46.0,0.0,0.9921875,0.0,0.0,0.9999765917803338,0.27542682988387224,,0.11740629749999698,8.289937497352184e-06,46.0,0.0,1.0,0.0390625,0.03021809908887313,1.0,0.2904093678666815,,0.13298076859525385,9.58883593682458e-06
park,16,SA,46.0,0.0,1.0,1.0,0.9050364178488793,1.0,0.06763112079815947,inf,0.07316922982811747,0.005607930921875948,46.0,0.0,0.90625,1.0,0.8912698579023692,0.9997191013640052,0.060236604379418246,,0.07151056535156286,0.005572364054678758,46.0,0.0,1.0,1.0,0.912415946579307,1.0,0.07447196660624122,,0.14232819220576232,0.005629317875008866
park,16,SA-matched,46.0,0.0,1.0,1.0,0.9462525694757317,1.0,0.040282012622371965,inf,0.15590987103124831,0.09634248198437945,46.0,0.0,0.9921875,1.0,0.9355133403810407,0.9999765917803338,0.032907336726816006,,0.15344045084374258,0.09519664460155397,46.0,0.0,1.0,1.0,0.9481520223947776,1.0,0.04551571661615572,,0.1727711936576708,0.09803640130469304
park,16,SQA,46.0,0.0,1.0,1.0,0.9451982659944469,1.0,0.04262756438579096,inf,0.304807637390617,0.2418516463906215,46.0,0.0,0.9609375,1.0,0.9363049462337044,0.9998829589016689,0.040597581537714866,,0.3015600209531222,0.24120957559374645,46.0,0.0,1.0,1.0,0.9463090951915807,1.0,0.04572517098931517,,0.4211410418821834,0.24312670124218627
park,16,SQA-fixedT,46.0,0.0,1.0,1.0,0.9441012298365816,1.0,0.040896730410983295,inf,0.3759810316562451,0.31232097567187367,46.0,0.0,0.9296875,1.0,0.9361040284470106,0.999789326023004,0.032883555643684836,,0.36891809953906574,0.3112588752812506,46.0,0.0,1.0,1.0,0.9459864210755102,1.0,0.04331923724739184,,0.6448858990032281,0.3148939008984364
park,16,Tabu,46.0,0.65625,1.0,1.0,0.9995239270176234,1.0,0.0,0.03956263703640968,0.026452671312497955,0.008804246062489085,46.0,0.5859375,1.0,1.0,0.9986196722207227,1.0,0.0,0.03561947119570745,0.02575736227343839,0.008625433929694282,46.0,0.703125,1.0,1.0,0.999756656709966,1.0,0.0,0.04792768598190342,0.027316150085937352,0.009260873484379317
