instance,family,method,p_opt,p_feasible,benefit_true,best_benefit_true,wall_time_s,reads_for_99,city_seed,n,k,n_feasible,n_optima,seed,p,nfev,mixer_components,angles,n_qubits
park_7x7_s4_exactly3,park-cardinality,MILP (HiGHS),1.0,1.0,1.0,1.0,0.7607331939999824,1.0,4,10,3,120,1,,,,,,
park_7x7_s4_exactly3,park-cardinality,Greedy planner,1.0,1.0,1.0,1.0,0.000690249000001586,1.0,4,10,3,120,1,,,,,,
park_7x7_s4_exactly3,,uniform on F,0.008333333333333333,1.0,0.7933588779766256,,0.0,,4,10,3,120,1,,,,,,
park_7x7_s4_exactly3,park-cardinality,FeasibleSA,1.0,1.0,1.0,1.0,0.7337894399999811,1.0,4,10,3,120,1,0.0,,,,,
park_7x7_s4_exactly3,park-cardinality,FeasibleSA,1.0,1.0,1.0,1.0,0.11820857200001456,1.0,4,10,3,120,1,1.0,,,,,
park_7x7_s4_exactly3,park-cardinality,FeasibleSA,1.0,1.0,1.0,1.0,0.12107289299999024,1.0,4,10,3,120,1,2.0,,,,,
park_7x7_s4_exactly3,,Dicke-XY complete,0.18034254718497209,1.0,0.9369691467133425,,0.13815536600000655,,4,10,3,120,1,,1.0,96.0,1.0,"[1.285854, -3.925557]",
park_7x7_s4_exactly3,,Dicke-XY complete,0.37388073591193366,1.0,0.9677223174989087,,1.3641286339999965,,4,10,3,120,1,,2.0,270.0,1.0,"[0.996606, 2.09865, -4.315142, -2.475886]",
park_7x7_s4_exactly3,,Dicke-XY complete,0.4719541437146083,1.0,0.9790987264046206,,1.3928563629999928,,4,10,3,120,1,,3.0,721.0,1.0,"[-0.758953, 0.671394, 2.807195, 6.686415, -4.926418, -2.325443]",
park_7x7_s4_exactly3,,Dicke-XY complete,0.5622503265287276,1.0,0.9877844152029109,,6.330456780999981,,4,10,3,120,1,,4.0,1197.0,1.0,"[-0.925431, -1.715408, 4.07491, 2.330769, 2.427766, 1.359872, -2.661454, -1.97671]",
park_7x7_s4_exactly3,,Dicke-XY complete,0.6506986725135024,1.0,0.9927811336720864,,14.990570660999992,,4,10,3,120,1,,6.0,4186.0,1.0,"[-0.533218, -1.148768, 0.334286, 2.709222, 2.026036, 2.582612, 2.89715, 5.615503, -4.918663, -2.381275, -2.191427, -1.113404]",
park_7x7_s4_exactly3,,Dicke-XY ring,0.0420690042523016,1.0,0.8773156715083178,,0.10803241499999672,,4,10,3,120,1,,1.0,96.0,1.0,"[1.075975, -3.266095]",
park_7x7_s4_exactly3,,Dicke-XY ring,0.14006326634007896,1.0,0.9052218162489055,,0.9721916629999896,,4,10,3,120,1,,2.0,295.0,1.0,"[0.676744, 1.531898, -4.909554, -2.607431]",
park_7x7_s4_exactly3,,Dicke-XY ring,0.11064764817734535,1.0,0.9203447448429742,,2.0357847599999843,,4,10,3,120,1,,3.0,539.0,1.0,"[-0.628701, 0.607605, 2.223498, 7.331142, -4.603777, -2.100919]",
park_7x7_s4_exactly3,,Dicke-XY ring,0.1577236927422845,1.0,0.9296330978186539,,4.785600967000022,,4,10,3,120,1,,4.0,990.0,1.0,"[-0.58372, -1.754655, 2.728696, 2.145821, 5.852545, 1.248904, -3.290224, -1.990494]",
park_7x7_s4_exactly3,,Dicke-XY ring,0.25867587873242426,1.0,0.9471575706360775,,13.411680639000025,,4,10,3,120,1,,6.0,2808.0,1.0,"[-0.356568, -0.934112, -2.206726, 2.993122, 1.885256, 1.956291, 5.693739, 5.000039, 1.170023, -3.227198, -2.831744, -1.790566]",
park_7x7_s4_exactly3,,X-mixer penalty QAOA,0.0037609334177394517,0.4461424464461207,0.3542012424649255,,0.12432403099998623,,4,10,3,120,1,,1.0,,,,10.0
park_7x7_s4_exactly3,,X-mixer penalty QAOA,0.005256299437703708,0.6187270497836472,0.4914376699223629,,0.06183022400000482,,4,10,3,120,1,,2.0,,,,10.0
park_7x7_s4_exactly3,,X-mixer penalty QAOA,0.005849065244536893,0.6839295939543031,0.5434558698178312,,0.3927893800000106,,4,10,3,120,1,,3.0,,,,10.0
park_7x7_s4_exactly3,,X-mixer penalty QAOA,0.008560255453567905,0.9945536284248563,0.7904623067016716,,0.9931535300000007,,4,10,3,120,1,,4.0,,,,10.0
park_7x7_s4_exactly3,,X-mixer penalty QAOA,0.008660458245340315,0.9990836970639302,0.7943507974078987,,6.6991716200000155,,4,10,3,120,1,,6.0,,,,10.0
park_7x7_s5_exactly3,park-cardinality,MILP (HiGHS),1.0,1.0,1.0,1.0,0.09589130699998805,1.0,5,10,3,120,1,,,,,,
park_7x7_s5_exactly3,park-cardinality,Greedy planner,1.0,1.0,1.0,1.0,0.0014379940000139868,1.0,5,10,3,120,1,,,,,,
park_7x7_s5_exactly3,,uniform on F,0.008333333333333333,1.0,0.8674119385879574,,0.0,,5,10,3,120,1,,,,,,
park_7x7_s5_exactly3,park-cardinality,FeasibleSA,1.0,1.0,1.0,1.0,0.2120564340000044,1.0,5,10,3,120,1,0.0,,,,,
park_7x7_s5_exactly3,park-cardinality,FeasibleSA,1.0,1.0,1.0,1.0,0.1437537930000019,1.0,5,10,3,120,1,1.0,,,,,
park_7x7_s5_exactly3,park-cardinality,FeasibleSA,1.0,1.0,1.0,1.0,0.13697075700000028,1.0,5,10,3,120,1,2.0,,,,,
park_7x7_s5_exactly3,,Dicke-XY complete,0.16598706320073348,1.0,0.9595834989082387,,0.14867823899999166,,5,10,3,120,1,,1.0,123.0,1.0,"[1.270957, -3.88045]",
park_7x7_s5_exactly3,,Dicke-XY complete,0.27677616198746313,1.0,0.9786529074087121,,1.6549449270000025,,5,10,3,120,1,,2.0,200.0,1.0,"[0.848159, 1.625255, -3.664326, -2.270508]",
park_7x7_s5_exactly3,,Dicke-XY complete,0.34540220066601085,1.0,0.984654641685953,,2.8332235999999966,,5,10,3,120,1,,3.0,672.0,1.0,"[-0.703627, 0.643381, 2.497737, 6.443342, -4.366008, -1.649108]",
park_7x7_s5_exactly3,,Dicke-XY complete,0.4314013945589313,1.0,0.9904493089210169,,3.9833059610000134,,5,10,3,120,1,,4.0,1242.0,1.0,"[-0.603542, -1.140411, -1.751799, -2.255703, 3.649096, 2.777444, 1.971897, 1.163454]",
park_7x7_s5_exactly3,,Dicke-XY complete,0.461038586212314,1.0,0.9924156468793375,,10.92195421400001,,5,10,3,120,1,,6.0,2756.0,1.0,"[-0.361069, -0.951312, 0.334177, 1.898314, 1.909996, 2.268987, 4.438618, 5.892814, -4.597479, -2.099468, -1.58368, -0.971383]",
park_7x7_s5_exactly3,,Dicke-XY ring,0.03546383090972967,1.0,0.9191558935348318,,0.2094810880000182,,5,10,3,120,1,,1.0,78.0,1.0,"[1.078372, -2.527393]",
park_7x7_s5_exactly3,,Dicke-XY ring,0.022978919474365124,1.0,0.9323581562913997,,1.2244525240000144,,5,10,3,120,1,,2.0,225.0,1.0,"[0.56211, -0.89326, -6.411969, 3.128305]",
park_7x7_s5_exactly3,,Dicke-XY ring,1.1363346304137874e-05,1.0,0.945851750507627,,1.5505730699999845,,5,10,3,120,1,,3.0,483.0,1.0,"[-0.607548, -0.825529, -1.369735, 4.131059, 3.239242, 2.27067]",
park_7x7_s5_exactly3,,Dicke-XY ring,0.008381801489992539,1.0,0.9468850964242103,,3.4487295180000217,,5,10,3,120,1,,4.0,1080.0,1.0,"[-0.47685, -1.180154, 1.847048, 1.321094, 7.768003, 1.538958, -2.190369, -1.90603]",
park_7x7_s5_exactly3,,Dicke-XY ring,0.0525278750927853,1.0,0.9590026999504367,,9.479330242999993,,5,10,3,120,1,,6.0,1924.0,1.0,"[-0.013924, 0.569371, 0.355904, 0.76907, 0.777185, 1.372199, 9.335257, 3.522987, -7.274515, -3.981217, -3.004355, -1.948809]",
park_7x7_s5_exactly3,,X-mixer penalty QAOA,0.0037390426173174833,0.44581942441296524,0.38681895957910684,,0.1019801520000101,,5,10,3,120,1,,1.0,,,,10.0
park_7x7_s5_exactly3,,X-mixer penalty QAOA,0.005210289015452069,0.6185540741876506,0.5367874602829821,,0.08876138499999797,,5,10,3,120,1,,2.0,,,,10.0
park_7x7_s5_exactly3,,X-mixer penalty QAOA,0.0057787520356693284,0.6835582520539412,0.5933004318604247,,0.31112409299998944,,5,10,3,120,1,,3.0,,,,10.0
park_7x7_s5_exactly3,,X-mixer penalty QAOA,0.008446669450693965,0.9946719402386259,0.8634027763838212,,0.6007217720000142,,5,10,3,120,1,,4.0,,,,10.0
park_7x7_s5_exactly3,,X-mixer penalty QAOA,0.008567918938017767,0.9987254055462946,0.8672619974172682,,5.223706676000006,,5,10,3,120,1,,6.0,,,,10.0
park_7x7_s6_exactly3,park-cardinality,MILP (HiGHS),1.0,1.0,1.0,1.0,0.09520721999999182,1.0,6,10,3,120,1,,,,,,
park_7x7_s6_exactly3,park-cardinality,Greedy planner,0.0,1.0,1.0011184992838114,1.0011184992838114,0.00043232899997747154,inf,6,10,3,120,1,,,,,,
park_7x7_s6_exactly3,,uniform on F,0.008333333333333333,1.0,0.8871560407854953,,0.0,,6,10,3,120,1,,,,,,
park_7x7_s6_exactly3,park-cardinality,FeasibleSA,1.0,1.0,1.0,1.0,0.133768855999989,1.0,6,10,3,120,1,0.0,,,,,
park_7x7_s6_exactly3,park-cardinality,FeasibleSA,1.0,1.0,1.0,1.0,0.13285274199998298,1.0,6,10,3,120,1,1.0,,,,,
park_7x7_s6_exactly3,park-cardinality,FeasibleSA,1.0,1.0,1.0,1.0,0.11807906399999979,1.0,6,10,3,120,1,2.0,,,,,
park_7x7_s6_exactly3,,Dicke-XY complete,0.05444268337855021,1.0,0.9680486911026378,,0.45263687199999936,,6,10,3,120,1,,1.0,126.0,1.0,"[1.146369, -3.7058]",
park_7x7_s6_exactly3,,Dicke-XY complete,0.07597307422776979,1.0,0.9814204827085192,,1.1809085630000027,,6,10,3,120,1,,2.0,190.0,1.0,"[0.728714, 1.304319, -3.560447, -2.088817]",
park_7x7_s6_exactly3,,Dicke-XY complete,0.10898586529343379,1.0,0.9867297849591398,,1.677007962999994,,6,10,3,120,1,,3.0,728.0,1.0,"[-0.731676, 0.490599, 2.140968, 6.067448, -3.670908, -1.425589]",
park_7x7_s6_exactly3,,Dicke-XY complete,0.1344704628048351,1.0,0.9894520783597323,,1.937520854000013,,6,10,3,120,1,,4.0,846.0,1.0,"[-0.578255, -1.343616, 2.224158, 1.87019, 4.044174, 1.553989, -1.490502, -0.982095]",
park_7x7_s6_exactly3,,Dicke-XY complete,0.16789204947622557,1.0,0.9923430344396964,,7.872365893000051,,6,10,3,120,1,,6.0,2210.0,1.0,"[-0.375248, -0.896123, -1.680223, 2.235392, 2.042593, 2.086987, 3.918718, 3.887739, 1.088649, -1.839576, -1.107885, -0.678219]",
park_7x7_s6_exactly3,,Dicke-XY ring,0.025697412916542213,1.0,0.941422277136101,,0.5467029300000377,,6,10,3,120,1,,1.0,114.0,1.0,"[0.815675, -2.51137]",
park_7x7_s6_exactly3,,Dicke-XY ring,0.03852755217466644,1.0,0.9508951464056883,,1.3312593629999583,,6,10,3,120,1,,2.0,210.0,1.0,"[-0.924154, 2.089197, 2.080296, -1.198634]",
park_7x7_s6_exactly3,,Dicke-XY ring,0.0606720738792119,1.0,0.9617045684236313,,3.0211807570000246,,6,10,3,120,1,,3.0,735.0,1.0,"[-1.676262, 1.077289, -1.073178, -1.377129, 3.388128, 1.669846]",
park_7x7_s6_exactly3,,Dicke-XY ring,0.03120239876853921,1.0,0.9668111680265592,,2.2086389860000395,,6,10,3,120,1,,4.0,693.0,1.0,"[-0.398866, -0.789072, -1.155942, -1.406444, 3.143173, 2.244265, 1.597236, 0.836115]",
park_7x7_s6_exactly3,,Dicke-XY ring,0.022066960746486234,1.0,0.9717205006253622,,10.631880054999954,,6,10,3,120,1,,6.0,2626.0,1.0,"[-0.330498, -0.612978, -0.762684, -1.413922, 2.187037, 5.18201, 2.810479, 2.360031, 2.595759, 1.485029, -1.077262, -0.165521]",
park_7x7_s6_exactly3,,X-mixer penalty QAOA,0.00374236682252239,0.4458812097450615,0.3956645699746524,,0.10192006099998707,,6,10,3,120,1,,1.0,,,,10.0
park_7x7_s6_exactly3,,X-mixer penalty QAOA,0.005213457016823963,0.6185840128361942,0.5489978533410227,,0.07899822199999562,,6,10,3,120,1,,2.0,,,,10.0
park_7x7_s6_exactly3,,X-mixer penalty QAOA,0.00578699449669343,0.6836253502566516,0.6068142382005753,,0.39876676199997974,,6,10,3,120,1,,3.0,,,,10.0
park_7x7_s6_exactly3,,X-mixer penalty QAOA,0.008430603627143407,0.9946600359157614,0.8829544896956953,,0.822630131999972,,6,10,3,120,1,,4.0,,,,10.0
park_7x7_s6_exactly3,,X-mixer penalty QAOA,0.00851397832440518,0.9994792686000052,0.887406677659028,,5.412552422000033,,6,10,3,120,1,,6.0,,,,10.0
