method,p,p_opt_mean,p_opt_min,p_opt_max,p_feasible_mean,p_feasible_min,p_feasible_max,benefit_true_mean,benefit_true_min,benefit_true_max,wall_time_s_mean,wall_time_s_min,wall_time_s_max
MILP (HiGHS),,1.0,1.0,1.0,1.0,1.0,1.0,1.0,1.0,1.0,0.3172772403333208,0.09520721999999182,0.7607331939999824
Greedy planner,,0.6666666666666666,0.0,1.0,1.0,1.0,1.0,1.0003728330946038,1.0,1.0011184992838114,0.0008535239999976815,0.00043232899997747154,0.0014379940000139868
uniform on F,,0.008333333333333333,0.008333333333333333,0.008333333333333333,1.0,1.0,1.0,0.8493089524500261,0.7933588779766256,0.8871560407854953,0.0,0.0,0.0
FeasibleSA,,1.0,1.0,1.0,1.0,1.0,1.0,1.0,1.0,1.0,0.20561695011110714,0.11807906399999979,0.7337894399999811
Dicke-XY complete,1.0,0.13359076458808525,0.05444268337855021,0.18034254718497209,1.0,1.0,1.0,0.9548671122414064,0.9369691467133425,0.9680486911026378,0.24649015899999918,0.13815536600000655,0.45263687199999936
Dicke-XY complete,2.0,0.24220999070905555,0.07597307422776979,0.37388073591193366,1.0,1.0,1.0,0.9759319025387133,0.9677223174989087,0.9814204827085192,1.3999940413333338,1.1809085630000027,1.6549449270000025
Dicke-XY complete,3.0,0.3087807365580177,0.10898586529343379,0.4719541437146083,1.0,1.0,1.0,0.9834943843499045,0.9790987264046206,0.9867297849591398,1.9676959753333279,1.3928563629999928,2.8332235999999966
Dicke-XY complete,4.0,0.37604072796416466,0.1344704628048351,0.5622503265287276,1.0,1.0,1.0,0.9892286008278868,0.9877844152029109,0.9904493089210169,4.083761198666669,1.937520854000013,6.330456780999981
Dicke-XY complete,6.0,0.426543102734014,0.16789204947622557,0.6506986725135024,1.0,1.0,1.0,0.9925132716637067,0.9923430344396964,0.9927811336720864,11.261630256000018,7.872365893000051,14.990570660999992
Dicke-XY ring,1.0,0.03441008269285783,0.025697412916542213,0.0420690042523016,1.0,1.0,1.0,0.9126312807264169,0.8773156715083178,0.941422277136101,0.2880721443333509,0.10803241499999672,0.5467029300000377
Dicke-XY ring,2.0,0.06718991266303684,0.022978919474365124,0.14006326634007896,1.0,1.0,1.0,0.9294917063153312,0.9052218162489055,0.9508951464056883,1.1759678499999875,0.9721916629999896,1.3312593629999583
Dicke-XY ring,3.0,0.057110361800953795,1.1363346304137874e-05,0.11064764817734535,1.0,1.0,1.0,0.9426336879247442,0.9203447448429742,0.9617045684236313,2.202512862333331,1.5505730699999845,3.0211807570000246
Dicke-XY ring,4.0,0.06576929766693874,0.008381801489992539,0.1577236927422845,1.0,1.0,1.0,0.9477764540898077,0.9296330978186539,0.9668111680265592,3.4809898236666945,2.2086389860000395,4.785600967000022
Dicke-XY ring,6.0,0.11109023819056525,0.022066960746486234,0.25867587873242426,1.0,1.0,1.0,0.9592935904039588,0.9471575706360775,0.9717205006253622,11.17429697899999,9.479330242999993,13.411680639000025
X-mixer penalty QAOA,1.0,0.0037474476191931088,0.0037390426173174833,0.0037609334177394517,0.4459476935347158,0.44581942441296524,0.4461424464461207,0.37889492400622826,0.3542012424649255,0.3956645699746524,0.1094080813333278,0.10192006099998707,0.12432403099998623
X-mixer penalty QAOA,2.0,0.00522668182332658,0.005210289015452069,0.005256299437703708,0.6186217122691641,0.6185540741876506,0.6187270497836472,0.5257409945154559,0.4914376699223629,0.5489978533410227,0.07652994366666614,0.06183022400000482,0.08876138499999797
X-mixer penalty QAOA,3.0,0.00580493725896655,0.0057787520356693284,0.005849065244536893,0.6837043987549652,0.6835582520539412,0.6839295939543031,0.5811901799596104,0.5434558698178312,0.6068142382005753,0.3675600783333266,0.31112409299998944,0.39876676199997974
X-mixer penalty QAOA,4.0,0.008479176177135091,0.008430603627143407,0.008560255453567905,0.9946285348597478,0.9945536284248563,0.9946719402386259,0.8456065242603961,0.7904623067016716,0.8829544896956953,0.805501811333329,0.6007217720000142,0.9931535300000007
X-mixer penalty QAOA,6.0,0.008580785169254422,0.00851397832440518,0.008660458245340315,0.9990961237367433,0.9987254055462946,0.9994792686000052,0.8496731574947316,0.7943507974078987,0.887406677659028,5.7784769060000185,5.223706676000006,6.6991716200000155
