decay_length_m,order,regret_C_mean,benefit_lost_pct_mean,same_plan_frac,abs_model_error_C,terms
50,1,0.0008351513489168738,0.20195275259320333,0.5,0.02920917926694777,22.0
50,2,0.0,0.0,1.0,0.0008059447600405889,253.0
50,2-fit,0.0,0.0,1.0,0.00029012620403090494,253.0
50,3,0.0,0.0,1.0,1.0864551782674425e-05,1793.0
100,1,0.0,0.0,1.0,0.26801202567522786,22.0
100,2,0.0023041036267388293,0.20295580020506898,0.25,0.029739194322061735,253.0
100,2-fit,0.0002727657278080997,0.02411936780022805,0.75,0.006662451863808094,253.0
100,3,0.0,0.0,1.0,0.002231274157637131,1793.0
200,1,0.005834576342483189,0.28951507541711774,0.5,1.1317960224914057,22.0
200,2,0.05731132416356477,2.813803093834983,0.0,0.21706172512404454,253.0
200,2-fit,0.004321687094382298,0.21133631226484922,0.5,0.02474880857032158,253.0
200,3,0.00042582018623349427,0.021150671635416434,0.75,0.048269862486807646,1793.0
300,1,0.0,0.0,1.0,1.9316225254773682,22.0
300,2,0.24790132229970396,10.297495571736109,0.0,0.2806988941800901,253.0
300,2-fit,0.009999060733069776,0.41605940435529276,0.0,0.030947826134713807,253.0
300,3,0.0,0.0,1.0,0.15444646662506045,1793.0
