decay_length_m,seed,order,n,model_obj,true_obj,true_opt,regret_C,benefit_lost_pct,same_plan,model_error_C,terms
50,0,1,22,31.60995231903975,31.631860231516708,31.629121785842926,0.0027384456737813423,0.6624513549221216,False,-0.021907912476958558,22
50,0,2,22,31.629454976278975,31.629121785842926,31.629121785842926,0.0,0.0,True,0.00033319043604862486,253
50,0,3,22,31.629119363005174,31.629121785842926,31.629121785842926,0.0,0.0,True,-2.4228377526469558e-06,1793
50,0,2-fit,22,31.629319704790753,31.629121785842926,31.629121785842926,0.0,0.0,True,0.00019791894782628106,253
50,1,1,22,31.654240996012412,31.696797030301877,31.696797030301877,0.0,0.0,True,-0.04255603428946486,22
50,1,2,22,31.698794063638086,31.696797030301877,31.696797030301877,0.0,0.0,True,0.001997033336209597,253
50,1,3,22,31.696762998485493,31.696797030301877,31.696797030301877,0.0,0.0,True,-3.40318163836173e-05,1793
50,1,2-fit,22,31.697665149015357,31.696797030301877,31.696797030301877,0.0,0.0,True,0.0008681187134804702,253
50,2,1,22,31.681425660855183,31.70682727196451,31.70682727196451,0.0,0.0,True,-0.02540161110932715,22
50,2,2,22,31.707348957526914,31.70682727196451,31.70682727196451,0.0,0.0,True,0.0005216855624041727,253
50,2,3,22,31.706823182118036,31.70682727196451,31.70682727196451,0.0,0.0,True,-4.089846473931402e-06,1793
50,2,2-fit,22,31.706906213139256,31.70682727196451,31.70682727196451,0.0,0.0,True,7.894117474549489e-05,253
50,3,1,22,31.69685801532592,31.72382917451796,31.723227014796073,0.000602159721886153,0.14535965545069174,False,-0.026971159192040517,22
50,3,2,22,31.723598884501573,31.723227014796073,31.723227014796073,0.0,0.0,True,0.0003718697054999609,253
50,3,3,22,31.723224101089553,31.723227014796073,31.723227014796073,0.0,0.0,True,-2.9137065205020463e-06,1793
50,3,2-fit,22,31.723211488816002,31.723227014796073,31.723227014796073,0.0,0.0,True,-1.5525980071373624e-05,253
100,0,1,22,30.675012268618413,30.911603269506422,30.911603269506422,0.0,0.0,True,-0.23659100088800855,22
100,0,2,22,30.935599783043934,30.912694332417654,30.911603269506422,0.0010910629112323988,0.0964774712009122,False,0.022905450626279134,253
100,0,3,22,30.91011878617146,30.911603269506422,30.911603269506422,0.0,0.0,True,-0.0014844833349627606,1793
100,0,2-fit,22,30.91642924837624,30.912694332417654,30.911603269506422,0.0010910629112323988,0.0964774712009122,False,0.0037349159585851055,253
100,1,1,22,30.622450459974942,30.948335944266383,30.948335944266383,0.0,0.0,True,-0.32588548429144026,22
100,1,2,22,30.99656661158894,30.948335944266383,30.948335944266383,0.0,0.0,True,0.04823066732255654,253
100,1,3,22,30.944384361965064,30.948335944266383,30.948335944266383,0.0,0.0,True,-0.003951582301318979,1793
100,1,2-fit,22,30.960609764935104,30.948335944266383,30.948335944266383,0.0,0.0,True,0.012273820668720958,253
100,2,1,22,30.742304633723137,30.99063730529742,30.99063730529742,0.0,0.0,True,-0.24833267157428196,22
100,2,2,22,31.01689239881452,30.991727096415637,30.99063730529742,0.0010897911182183861,0.0969051875459398,False,0.02516530239888226,253
100,2,3,22,30.98908591611656,30.99063730529742,30.99063730529742,0.0,0.0,True,-0.0015513891808573987,1793
100,2,2-fit,22,30.99594824657736,30.99063730529742,30.99063730529742,0.0,0.0,True,0.005310941279940806,253
100,3,1,22,30.73861387842558,30.99985282437276,30.99985282437276,0.0,0.0,True,-0.26123894594718067,22
100,3,2,22,31.029543741790793,31.006888384850264,30.99985282437276,0.007035560477504532,0.6184405420734239,False,0.022655356940529003,253
100,3,3,22,30.99791518255935,30.99985282437276,30.99985282437276,0.0,0.0,True,-0.0019376418134093853,1793
100,3,2-fit,22,31.005182953920745,30.99985282437276,30.99985282437276,0.0,0.0,True,0.005330129547985507,253
200,0,1,22,28.9575016561541,30.032220331235404,30.029232148494224,0.0029881827411806228,0.14842432084859805,False,-1.0747186750813036,22
200,0,2,22,30.28502490054544,30.065833296180653,30.029232148494224,0.036601147686429414,1.817994733980411,False,0.2191916043647879,253
200,0,3,22,29.98933812829112,30.030935429239157,30.029232148494224,0.001703280744933977,0.08460268654166574,False,-0.041597300948037486,1793
200,0,2-fit,22,30.054627135894414,30.036267319183715,30.029232148494224,0.00703517068949111,0.3494399513294574,False,0.018359816710699306,253
200,1,1,22,28.829966190194725,30.07011926822102,30.07011926822102,0.0,0.0,True,-1.240153078026296,22
200,1,2,22,30.380797317885616,30.161221908548892,30.07011926822102,0.09110264032787185,4.406958943352941,False,0.21957540933672348,253
200,1,3,22,30.005924120153786,30.07011926822102,30.07011926822102,0.0,0.0,True,-0.0641951480672347,1793
200,1,2-fit,22,30.103880394989808,30.08037084590906,30.07011926822102,0.010251577688038083,0.4959052977299396,False,0.023509549080749537,253
200,2,1,22,29.019866507140524,30.119992583860476,30.099642461231724,0.020350122628752132,1.009635980819873,False,-1.1001260767199526,22
200,2,2,22,30.36712281815814,30.14302191967171,30.099642461231724,0.04337945843998625,2.152196469205065,False,0.2241008984864301,253
200,2,3,22,30.058597579202452,30.099642461231724,30.099642461231724,0.0,0.0,True,-0.041044882029272145,1793
200,2,2-fit,22,30.13097943247674,30.099642461231724,30.099642461231724,0.0,0.0,True,0.031336971245014666,253
200,3,1,22,29.004420458417922,30.116606718555992,30.116606718555992,0.0,0.0,True,-1.1121862601380705,22
200,3,2,22,30.3801477570642,30.174768768755964,30.116606718555992,0.05816205019997156,2.878062228801514,False,0.20537898830823664,253
200,3,3,22,30.070364599653306,30.116606718555992,30.116606718555992,0.0,0.0,True,-0.04624211890268626,1793
200,3,2-fit,22,30.142395615800815,30.116606718555992,30.116606718555992,0.0,0.0,True,0.025788897244822806,253
300,0,1,22,27.772268762078408,29.646752015878285,29.646752015878285,0.0,0.0,True,-1.8744832537998768,22
300,0,2,22,30.164035322343203,29.886297564925087,29.646752015878285,0.23954554904680236,9.998768974495983,False,0.2777377574181159,253
300,0,3,22,29.505732234550134,29.646752015878285,29.646752015878285,0.0,0.0,True,-0.14101978132815063,1793
300,0,2-fit,22,29.689250116821885,29.651202387082087,29.646752015878285,0.004450371203802206,0.1857610533555511,False,0.038047729739798086,253
300,1,1,22,27.646940167378727,29.70391382993138,29.70391382993138,0.0,0.0,True,-2.056973662552654,22
300,1,2,22,30.258196625464205,29.97241817817963,29.70391382993138,0.26850434824824987,11.033894063254316,False,0.28577844728457436,253
300,1,3,22,29.518473464794717,29.70391382993138,29.70391382993138,0.0,0.0,True,-0.18544036513666384,1793
300,1,2-fit,22,29.74264453609637,29.709028285747518,29.70391382993138,0.005114455816137564,0.21017299732621594,False,0.03361625034885307,253
300,2,1,22,27.836329644827114,29.717964265488842,29.717964265488842,0.0,0.0,True,-1.8816346206617283,22
300,2,2,22,30.240617954185897,29.957710740830947,29.717964265488842,0.23974647534210547,10.000819608360876,False,0.2829072133549495,253
300,2,3,22,29.57698043420953,29.717964265488842,29.717964265488842,0.0,0.0,True,-0.14098383127931058,1793
300,2,2-fit,22,29.762309535524754,29.728634839235117,29.717964265488842,0.01067057374627467,0.4451138770733901,False,0.03367469628963704,253
300,3,1,22,27.823562409089146,29.73696097398436,29.73696097398436,0.0,0.0,True,-1.913398564895214,22
300,3,2,22,30.25714204920874,29.980769890546018,29.73696097398436,0.24380891656165815,10.15649964083326,False,0.2763721586627206,253
300,3,3,22,29.586619085228243,29.73696097398436,29.73696097398436,0.0,0.0,True,-0.15034188875611676,1793
300,3,2-fit,22,29.77517444431099,29.756721816150424,29.73696097398436,0.019760842166064663,0.823189689666014,False,0.01845262816056703,253
