instance,family,method,p_opt,p_feasible,benefit_true,best_benefit_true,wall_time_s,reads_for_99,n_decision,n_feasible,p,p_opt_uniform,mixer_components,n_qubits,seed
park_E6_7x7,park,MILP (HiGHS),1.0,1.0,1.0,1.0,0.16695646199991643,1.0,10,176,,,,,
park_E6_7x7,park,Greedy planner,1.0,1.0,1.0,1.0,0.00039164700001492747,1.0,10,176,,,,,
park_E6_7x7,park,XY-QAOA complete (swap+add/remove) p=1,0.05233544108779071,1.0,0.8693515946574977,1.0,1.9924519980000923,85.67012533312187,10,176,1.0,0.005681818181818182,1.0,,
park_E6_7x7,park,XY-QAOA complete (swap+add/remove) p=2,0.24809988342957504,1.0,0.9380847178768783,1.0,9.927187761000027,16.149890643626172,10,176,2.0,0.005681818181818182,1.0,,
park_E6_7x7,park,X-mixer penalty QAOA p=1,0.0017288376928706669,0.7945298212813852,0.4236189840625968,,1.9027537800000118,2661.4344776521707,10,176,1.0,,,14.0,
park_E6_7x7,park,X-mixer penalty QAOA p=2,0.0027620125184500085,0.9513366555858087,0.564174850716476,,2.251968738999949,1665.020507597203,10,176,2.0,,,14.0,
park_E6_7x7,park,FeasibleSA,1.0,1.0,1.0,1.0,0.2569117540000434,1.0,10,176,,,,,0.0
park_E6_7x7,park,SA (safe-Λ QUBO),0.0625,1.0,0.9473693160117533,1.0,0.12413248200005,71.35537202923581,10,176,,,,,0.0
park_E6_7x7,park,Tabu (safe-Λ QUBO),1.0,1.0,1.0,1.0,0.05031849499994223,1.0,10,176,,,,,0.0
park_E6_7x7,park,FeasibleSA,1.0,1.0,1.0,1.0,0.19381108699997185,1.0,10,176,,,,,1.0
park_E6_7x7,park,SA (safe-Λ QUBO),0.125,1.0,0.9552796463585871,1.0,0.033981987000061054,34.48754705148163,10,176,,,,,1.0
park_E6_7x7,park,Tabu (safe-Λ QUBO),1.0,1.0,1.0,1.0,0.010600265999983094,1.0,10,176,,,,,1.0
park_E6_7x7,park,FeasibleSA,1.0,1.0,1.0,1.0,0.14416027699996903,1.0,10,176,,,,,2.0
park_E6_7x7,park,SA (safe-Λ QUBO),0.28125,1.0,0.9568973077919727,1.0,0.058941787999970074,13.944848179608762,10,176,,,,,2.0
park_E6_7x7,park,Tabu (safe-Λ QUBO),1.0,1.0,1.0,1.0,0.010953284000038366,1.0,10,176,,,,,2.0
park_E6_7x7_exactly3,park-cardinality,MILP (HiGHS),1.0,1.0,1.0,1.0,0.032691558000010446,1.0,10,120,,,,,
park_E6_7x7_exactly3,park-cardinality,Greedy planner,1.0,1.0,1.0,1.0,0.000344428999937918,1.0,10,120,,,,,
park_E6_7x7_exactly3,park-cardinality,Dicke-XY complete p=1,0.18034254718497209,1.0,0.9369691467133425,1.0,2.99735032600006,23.156829841631367,10,120,1.0,0.008333333333333333,1.0,,
park_E6_7x7_exactly3,park-cardinality,Dicke-XY complete p=2,0.37388073591193366,1.0,0.9677223174989087,1.0,15.135277651000024,9.835601178004149,10,120,2.0,0.008333333333333333,1.0,,
park_E6_7x7_exactly3,park-cardinality,Dicke-XY ring p=1,0.0420690042523016,1.0,0.8773156715083178,1.0,2.646623583000064,107.14798077620308,10,120,1.0,0.008333333333333333,1.0,,
park_E6_7x7_exactly3,park-cardinality,Dicke-XY ring p=2,0.14006326634007896,1.0,0.9052218162489055,1.0,16.12755671399998,30.518742775535827,10,120,2.0,0.008333333333333333,1.0,,
park_E6_7x7_exactly3,park-cardinality,X-mixer penalty QAOA p=1,0.0037609334177394517,0.4461424464461207,0.3542012424649255,,0.21931197100002464,1222.1712983945774,10,120,1.0,,,10.0,
park_E6_7x7_exactly3,park-cardinality,X-mixer penalty QAOA p=2,0.005256299437703708,0.6187270497836472,0.4914376699223629,,0.30125170899998466,873.8194109441267,10,120,2.0,,,10.0,
park_E6_7x7_exactly3,park-cardinality,FeasibleSA,1.0,1.0,1.0,1.0,0.22751152200009983,1.0,10,120,,,,,0.0
park_E6_7x7_exactly3,park-cardinality,SA (safe-Λ QUBO),0.65625,1.0,0.993529405845165,1.0,0.045611331000031896,4.312600641522923,10,120,,,,,0.0
park_E6_7x7_exactly3,park-cardinality,Tabu (safe-Λ QUBO),1.0,1.0,1.0,1.0,0.012413030999937291,1.0,10,120,,,,,0.0
park_E6_7x7_exactly3,park-cardinality,FeasibleSA,1.0,1.0,1.0,1.0,0.252093430000059,1.0,10,120,,,,,1.0
park_E6_7x7_exactly3,park-cardinality,SA (safe-Λ QUBO),0.71875,1.0,0.9924009783248642,1.0,0.047672308000073826,3.6303737251264874,10,120,,,,,1.0
park_E6_7x7_exactly3,park-cardinality,Tabu (safe-Λ QUBO),1.0,1.0,1.0,1.0,0.014048025999954916,1.0,10,120,,,,,1.0
park_E6_7x7_exactly3,park-cardinality,FeasibleSA,1.0,1.0,1.0,1.0,0.25078805500004364,1.0,10,120,,,,,2.0
park_E6_7x7_exactly3,park-cardinality,SA (safe-Λ QUBO),0.65625,1.0,0.9931405604457622,1.0,0.04672565000009854,4.312600641522923,10,120,,,,,2.0
park_E6_7x7_exactly3,park-cardinality,Tabu (safe-Λ QUBO),1.0,1.0,1.0,1.0,0.00635232599995561,1.0,10,120,,,,,2.0
park_8x8_s0,park,MILP (HiGHS),1.0,1.0,1.0,1.0,0.028137272999970264,1.0,9,46,,,,,
park_8x8_s0,park,Greedy planner,1.0,1.0,1.0,1.0,0.00027331100000083097,1.0,9,46,,,,,
park_8x8_s0,park,XY-QAOA complete (swap+add/remove) p=1,0.05489932334931432,1.0,0.8786090906479777,1.0,0.04091624700004104,81.55966249566588,9,46,1.0,0.021739130434782608,1.0,,
park_8x8_s0,park,XY-QAOA complete (swap+add/remove) p=2,0.18806404116994943,1.0,0.9426258684830287,1.0,0.4121502599999758,22.104766278136452,9,46,2.0,0.021739130434782608,1.0,,
park_8x8_s0,park,X-mixer penalty QAOA p=1,0.009517963958657711,0.6720221226000097,0.4139208688213139,,0.22291056400001708,481.5335876127544,9,46,1.0,,,13.0,
park_8x8_s0,park,X-mixer penalty QAOA p=2,0.013804041579060343,0.7505109917011448,0.525606023270772,,0.6280488659999719,331.3023612242586,9,46,2.0,,,13.0,
park_8x8_s0,park,FeasibleSA,1.0,1.0,1.0,1.0,0.2907853989999012,1.0,9,46,,,,,0.0
park_8x8_s0,park,SA (safe-Λ QUBO),0.53125,1.0,0.9803768354460518,1.0,0.08242380600006527,6.077942576546823,9,46,,,,,0.0
park_8x8_s0,park,Tabu (safe-Λ QUBO),1.0,1.0,1.0,1.0,0.016063411000004635,1.0,9,46,,,,,0.0
park_8x8_s0,park,FeasibleSA,1.0,1.0,1.0,1.0,0.2100829750000912,1.0,9,46,,,,,1.0
park_8x8_s0,park,SA (safe-Λ QUBO),0.53125,1.0,0.9859349322663311,1.0,0.063261161000014,6.077942576546823,9,46,,,,,1.0
park_8x8_s0,park,Tabu (safe-Λ QUBO),1.0,1.0,1.0,1.0,0.015575471000033758,1.0,9,46,,,,,1.0
park_8x8_s0,park,FeasibleSA,1.0,1.0,1.0,1.0,0.13559222100002444,1.0,9,46,,,,,2.0
park_8x8_s0,park,SA (safe-Λ QUBO),0.4375,1.0,0.9895092576896785,1.0,0.031148575999964123,8.003922779651093,9,46,,,,,2.0
park_8x8_s0,park,Tabu (safe-Λ QUBO),1.0,1.0,1.0,1.0,0.007369526999923437,1.0,9,46,,,,,2.0
park_8x8_s1,park,MILP (HiGHS),1.0,1.0,1.0,1.0,0.014847868999936509,1.0,9,46,,,,,
park_8x8_s1,park,Greedy planner,1.0,1.0,1.0,1.0,0.0002213469999787776,1.0,9,46,,,,,
park_8x8_s1,park,XY-QAOA complete (swap+add/remove) p=1,0.08429708183760813,1.0,0.8451424143553814,1.0,0.0956450930000301,52.29386817259867,9,46,1.0,0.021739130434782608,1.0,,
park_8x8_s1,park,XY-QAOA complete (swap+add/remove) p=2,0.2699634915258487,1.0,0.9383737033991643,1.0,0.23252595999997538,14.635350653369402,9,46,2.0,0.021739130434782608,1.0,,
park_8x8_s1,park,X-mixer penalty QAOA p=1,0.009513086182678116,0.6719573934702513,0.3775661063217589,,0.17592391300001964,481.7816753833026,9,46,1.0,,,13.0,
park_8x8_s1,park,X-mixer penalty QAOA p=2,0.013816328986582672,0.7504083913491133,0.4795630171932437,,0.735994617000074,331.00566363268183,9,46,2.0,,,13.0,
park_8x8_s1,park,FeasibleSA,1.0,1.0,1.0,1.0,0.21232440099993255,1.0,9,46,,,,,0.0
park_8x8_s1,park,SA (safe-Λ QUBO),0.5,1.0,0.9733180809930249,1.0,0.06774808399995891,6.643856189774724,9,46,,,,,0.0
park_8x8_s1,park,Tabu (safe-Λ QUBO),1.0,1.0,1.0,1.0,0.016480632000025253,1.0,9,46,,,,,0.0
park_8x8_s1,park,FeasibleSA,1.0,1.0,1.0,1.0,0.2481147339999552,1.0,9,46,,,,,1.0
park_8x8_s1,park,SA (safe-Λ QUBO),0.40625,1.0,0.9660752599276086,1.0,0.06305592400008209,8.834063615590537,9,46,,,,,1.0
park_8x8_s1,park,Tabu (safe-Λ QUBO),1.0,1.0,1.0,1.0,0.01624597200009248,1.0,9,46,,,,,1.0
park_8x8_s1,park,FeasibleSA,1.0,1.0,1.0,1.0,0.22367630999997345,1.0,9,46,,,,,2.0
park_8x8_s1,park,SA (safe-Λ QUBO),0.5,1.0,0.9807335861248745,1.0,0.06429493500002081,6.643856189774724,9,46,,,,,2.0
park_8x8_s1,park,Tabu (safe-Λ QUBO),1.0,1.0,1.0,1.0,0.017254535999995824,1.0,9,46,,,,,2.0
park_8x8_s2,park,MILP (HiGHS),1.0,1.0,1.0,1.0,0.017113824000034583,1.0,9,46,,,,,
park_8x8_s2,park,Greedy planner,1.0,1.0,1.0,1.0,0.0002567200000385128,1.0,9,46,,,,,
park_8x8_s2,park,XY-QAOA complete (swap+add/remove) p=1,0.20410962384903195,1.0,0.8282455679990365,1.0,0.1610513659999242,20.172119268534896,9,46,1.0,0.021739130434782608,1.0,,
park_8x8_s2,park,XY-QAOA complete (swap+add/remove) p=2,0.3937992662077101,1.0,0.93166126316284,1.0,0.2835144930000979,9.200328503099064,9,46,2.0,0.021739130434782608,1.0,,
park_8x8_s2,park,X-mixer penalty QAOA p=1,0.009508136949492258,0.6719552679329988,0.36554803292241084,,0.19042235999995683,482.033657689294,9,46,1.0,,,13.0,
park_8x8_s2,park,X-mixer penalty QAOA p=2,0.013823944611361515,0.7504181289717085,0.464168400966077,,0.8480109490000132,330.8220378834391,9,46,2.0,,,13.0,
park_8x8_s2,park,FeasibleSA,1.0,1.0,1.0,1.0,0.25169776299992463,1.0,9,46,,,,,0.0
park_8x8_s2,park,SA (safe-Λ QUBO),0.53125,1.0,0.9671056245418606,1.0,0.03131661700001587,6.077942576546823,9,46,,,,,0.0
park_8x8_s2,park,Tabu (safe-Λ QUBO),1.0,1.0,1.0,1.0,0.007675576999986333,1.0,9,46,,,,,0.0
park_8x8_s2,park,FeasibleSA,1.0,1.0,1.0,1.0,0.1404060129999607,1.0,9,46,,,,,1.0
park_8x8_s2,park,SA (safe-Λ QUBO),0.40625,1.0,0.9466660865971714,1.0,0.048110084999962055,8.834063615590537,9,46,,,,,1.0
park_8x8_s2,park,Tabu (safe-Λ QUBO),1.0,1.0,1.0,1.0,0.013438414999995985,1.0,9,46,,,,,1.0
park_8x8_s2,park,FeasibleSA,1.0,1.0,1.0,1.0,0.14370596300000216,1.0,9,46,,,,,2.0
park_8x8_s2,park,SA (safe-Λ QUBO),0.5,1.0,0.9617840528876778,1.0,0.03583064200006447,6.643856189774724,9,46,,,,,2.0
park_8x8_s2,park,Tabu (safe-Λ QUBO),1.0,1.0,1.0,1.0,0.016005872999926396,1.0,9,46,,,,,2.0
park_10x10_s0,park,MILP (HiGHS),1.0,1.0,1.0,1.0,0.20214600200006316,1.0,13,1093,,,,,
park_10x10_s0,park,Greedy planner,0.0,1.0,1.000588255066323,1.000588255066323,0.004820605000077194,inf,13,1093,,,,,
park_10x10_s0,park,XY-QAOA complete (swap+add/remove) p=1,0.020347668792956575,1.0,0.8752632465575385,1.000588255066323,2.8955788600000005,224.01374166780732,13,1093,1.0,0.0009149130832570906,1.0,,
park_10x10_s0,park,XY-QAOA complete (swap+add/remove) p=2,0.11390648933550859,1.0,0.9438477768194967,1.000588255066323,11.727558503999944,38.08040922004104,13,1093,2.0,0.0009149130832570906,1.0,,
park_10x10_s0,park,FeasibleSA,1.0,1.0,1.0,1.0,0.4104914759999474,1.0,13,1093,,,,,0.0
park_10x10_s0,park,SA (safe-Λ QUBO),0.03125,1.0,0.9448874758230793,1.0,0.08956188100000873,145.05067705006377,13,1093,,,,,0.0
park_10x10_s0,park,Tabu (safe-Λ QUBO),1.0,1.0,1.0,1.0,0.045846195000081025,1.0,13,1093,,,,,0.0
park_10x10_s0,park,FeasibleSA,1.0,1.0,1.0,1.0,0.3585494889999836,1.0,13,1093,,,,,1.0
park_10x10_s0,park,SA (safe-Λ QUBO),0.03125,1.0,0.9531654161001424,1.000588255066323,0.08902329699992606,145.05067705006377,13,1093,,,,,1.0
park_10x10_s0,park,Tabu (safe-Λ QUBO),1.0,1.0,1.0,1.0,0.02333969899996191,1.0,13,1093,,,,,1.0
park_10x10_s0,park,FeasibleSA,1.0,1.0,1.0,1.0,0.22285095299992008,1.0,13,1093,,,,,2.0
park_10x10_s0,park,SA (safe-Λ QUBO),0.0,1.0,0.9405990613660379,1.000588255066323,0.07706237700006113,inf,13,1093,,,,,2.0
park_10x10_s0,park,Tabu (safe-Λ QUBO),1.0,1.0,1.0,1.0,0.020797617999960494,1.0,13,1093,,,,,2.0
park_10x10_s1,park,MILP (HiGHS),1.0,1.0,1.0,1.0,0.14950629700001627,1.0,13,1093,,,,,
park_10x10_s1,park,Greedy planner,1.0,1.0,1.0,1.0,0.0007030970000414527,1.0,13,1093,,,,,
park_10x10_s1,park,XY-QAOA complete (swap+add/remove) p=1,0.011383823497014896,1.0,0.889433387671456,1.0,2.646945040999981,402.2293517832945,13,1093,1.0,0.0009149130832570906,1.0,,
park_10x10_s1,park,XY-QAOA complete (swap+add/remove) p=2,0.05619997362638554,1.0,0.943537970012634,1.0,12.567257405999953,79.61778730531368,13,1093,2.0,0.0009149130832570906,1.0,,
park_10x10_s1,park,FeasibleSA,1.0,1.0,1.0,1.0,0.2933220780000738,1.0,13,1093,,,,,0.0
park_10x10_s1,park,SA (safe-Λ QUBO),0.03125,1.0,0.9615520676448632,1.0,0.1017562579999094,145.05067705006377,13,1093,,,,,0.0
park_10x10_s1,park,Tabu (safe-Λ QUBO),1.0,1.0,1.0,1.0,0.0468444120000413,1.0,13,1093,,,,,0.0
park_10x10_s1,park,FeasibleSA,1.0,1.0,1.0,1.0,0.3855879159999631,1.0,13,1093,,,,,1.0
park_10x10_s1,park,SA (safe-Λ QUBO),0.03125,1.0,0.9586555706821412,1.0,0.06826572599993597,145.05067705006377,13,1093,,,,,1.0
park_10x10_s1,park,Tabu (safe-Λ QUBO),1.0,1.0,1.0,1.0,0.031307351000009476,1.0,13,1093,,,,,1.0
park_10x10_s1,park,FeasibleSA,1.0,1.0,1.0,1.0,0.3233788039999581,1.0,13,1093,,,,,2.0
park_10x10_s1,park,SA (safe-Λ QUBO),0.09375,1.0,0.9615767556585731,1.0,0.04575232800004869,46.78145855016189,13,1093,,,,,2.0
park_10x10_s1,park,Tabu (safe-Λ QUBO),1.0,1.0,1.0,1.0,0.02124065900000005,1.0,13,1093,,,,,2.0
park_10x10_s2,park,MILP (HiGHS),1.0,1.0,1.0,1.0,0.07413510300000326,1.0,13,1093,,,,,
park_10x10_s2,park,Greedy planner,1.0,1.0,1.0,1.0,0.0007007500000781874,1.0,13,1093,,,,,
park_10x10_s2,park,XY-QAOA complete (swap+add/remove) p=1,0.013538940009808782,1.0,0.8696465209316758,1.0,3.1622228259999474,337.83477848522267,13,1093,1.0,0.0009149130832570906,1.0,,
park_10x10_s2,park,XY-QAOA complete (swap+add/remove) p=2,0.10961518339934162,1.0,0.9367612990503054,1.0,14.579218961000038,39.66502531389284,13,1093,2.0,0.0009149130832570906,1.0,,
park_10x10_s2,park,FeasibleSA,1.0,1.0,1.0,1.0,0.5530050009999741,1.0,13,1093,,,,,0.0
park_10x10_s2,park,SA (safe-Λ QUBO),0.03125,1.0,0.9436353022385214,1.0,0.09950721699999576,145.05067705006377,13,1093,,,,,0.0
park_10x10_s2,park,Tabu (safe-Λ QUBO),1.0,1.0,1.0,1.0,0.04526395699997465,1.0,13,1093,,,,,0.0
park_10x10_s2,park,FeasibleSA,1.0,1.0,1.0,1.0,0.3046086890000197,1.0,13,1093,,,,,1.0
park_10x10_s2,park,SA (safe-Λ QUBO),0.0,1.0,0.9432326160958773,0.9868445824103318,0.04388770000002751,inf,13,1093,,,,,1.0
park_10x10_s2,park,Tabu (safe-Λ QUBO),1.0,1.0,1.0,1.0,0.02323447399999168,1.0,13,1093,,,,,1.0
park_10x10_s2,park,FeasibleSA,1.0,1.0,1.0,1.0,0.21077658300009716,1.0,13,1093,,,,,2.0
park_10x10_s2,park,SA (safe-Λ QUBO),0.09375,1.0,0.9457238653115854,1.0,0.04660326700002315,46.78145855016189,13,1093,,,,,2.0
park_10x10_s2,park,Tabu (safe-Λ QUBO),1.0,1.0,1.0,1.0,0.026803732999951535,1.0,13,1093,,,,,2.0
mix_6x6_s0,mix+equity,MILP (HiGHS),1.0,1.0,1.0,1.0,0.24277164399995854,1.0,21,1020,,,,,
mix_6x6_s0,mix+equity,Greedy planner,1.0,1.0,1.0,1.0,0.004874902999972619,1.0,21,1020,,,,,
mix_6x6_s0,mix+equity,XY-QAOA complete (swap+add/remove) p=1,0.0024671946157219754,1.0,0.6052251041747606,0.9307218399978712,2.4040160299999798,1864.2578466477357,21,1020,1.0,0.000980392156862745,1.0,,
mix_6x6_s0,mix+equity,XY-QAOA complete (swap+add/remove) p=2,0.003572812361703052,1.0,0.6205699221856956,0.9340761531979109,17.187747300999945,1286.6442758825763,21,1020,2.0,0.000980392156862745,1.0,,
mix_6x6_s0,mix+equity,FeasibleSA,0.59375,1.0,0.9466676523585285,1.0,1.03811096000004,5.112387845734456,21,1020,,,,,0.0
mix_6x6_s0,mix+equity,SA (safe-Λ QUBO),0.0,0.96875,0.6213107312639812,0.8355051397131605,0.270413666000195,inf,21,1020,,,,,0.0
mix_6x6_s0,mix+equity,Tabu (safe-Λ QUBO),0.0,1.0,0.6195113033934676,0.8108513832745252,0.179471465000006,inf,21,1020,,,,,0.0
mix_6x6_s0,mix+equity,FeasibleSA,0.53125,1.0,0.9398934075196257,1.0,0.6650020110000696,6.077942576546823,21,1020,,,,,1.0
mix_6x6_s0,mix+equity,SA (safe-Λ QUBO),0.0,1.0,0.6181949512096923,0.8365640001167645,0.28676999599997544,inf,21,1020,,,,,1.0
mix_6x6_s0,mix+equity,Tabu (safe-Λ QUBO),0.0,1.0,0.6961961924459998,0.8108513832745252,0.18503417500005526,inf,21,1020,,,,,1.0
mix_6x6_s0,mix+equity,FeasibleSA,0.46875,1.0,0.9317681878016986,1.0,0.818692499000008,7.280641808469474,21,1020,,,,,2.0
mix_6x6_s0,mix+equity,SA (safe-Λ QUBO),0.0,1.0,0.6207351005251701,0.8068616119435854,0.21532592599987765,inf,21,1020,,,,,2.0
mix_6x6_s0,mix+equity,Tabu (safe-Λ QUBO),0.0,1.0,0.6784673969620134,0.8108513832745252,0.18640525999990132,inf,21,1020,,,,,2.0
mix_6x6_s1,mix+equity,MILP (HiGHS),1.0,1.0,1.0,1.0,0.1411393420000877,1.0,21,720,,,,,
mix_6x6_s1,mix+equity,Greedy planner,1.0,1.0,1.0,1.0,0.0006519169999137375,1.0,21,720,,,,,
mix_6x6_s1,mix+equity,XY-QAOA complete (swap+add/remove) p=1,0.003202845267986745,1.0,0.6264461620257702,0.9711226662763297,2.2299702010000146,1435.5334193384795,21,720,1.0,0.001388888888888889,1.0,,
mix_6x6_s1,mix+equity,XY-QAOA complete (swap+add/remove) p=2,0.0046050290272195895,1.0,0.6416963041855839,0.9711226662763297,17.16311169200003,997.726296757496,21,720,2.0,0.001388888888888889,1.0,,
mix_6x6_s1,mix+equity,FeasibleSA,0.625,1.0,0.9408649838891193,1.0,0.7801277109999774,4.695180299575582,21,720,,,,,0.0
mix_6x6_s1,mix+equity,SA (safe-Λ QUBO),0.0,1.0,0.6106063857161907,0.8106966852876489,0.12231196700008695,inf,21,720,,,,,0.0
mix_6x6_s1,mix+equity,Tabu (safe-Λ QUBO),0.0,1.0,0.670475691211596,0.8120489637023206,0.16473153399988405,inf,21,720,,,,,0.0
mix_6x6_s1,mix+equity,FeasibleSA,0.46875,1.0,0.9156852641298641,1.0,0.6756432679999307,7.280641808469474,21,720,,,,,1.0
mix_6x6_s1,mix+equity,SA (safe-Λ QUBO),0.0,1.0,0.6669534838502478,0.8060555705855157,0.14479622299995754,inf,21,720,,,,,1.0
mix_6x6_s1,mix+equity,Tabu (safe-Λ QUBO),0.0,1.0,0.6288736425954895,0.8120489637023206,0.09412623100001838,inf,21,720,,,,,1.0
mix_6x6_s1,mix+equity,FeasibleSA,0.625,1.0,0.9324026378592296,1.0,0.6662778959998832,4.695180299575582,21,720,,,,,2.0
mix_6x6_s1,mix+equity,SA (safe-Λ QUBO),0.0,1.0,0.6063360787526455,0.7997340677343336,0.2131741289999809,inf,21,720,,,,,2.0
mix_6x6_s1,mix+equity,Tabu (safe-Λ QUBO),0.0,1.0,0.6511975393870479,0.8120489637023206,0.18168325800002094,inf,21,720,,,,,2.0
mix_6x6_s2,mix+equity,MILP (HiGHS),1.0,1.0,1.0,1.0,0.16090235800015762,1.0,21,788,,,,,
mix_6x6_s2,mix+equity,Greedy planner,0.0,0.0,0.0,0.0,0.0007524410000314674,inf,21,788,,,,,
mix_6x6_s2,mix+equity,XY-QAOA complete (swap+add/remove) p=1,0.002879373220986737,1.0,0.6346297733716098,0.9631143904767399,2.2780459149998933,1597.0618064785124,21,788,1.0,0.0012690355329949238,1.0,,
mix_6x6_s2,mix+equity,XY-QAOA complete (swap+add/remove) p=2,0.004123930835072265,1.0,0.6499469503131973,0.9631143904767399,15.639667692999865,1114.390160267206,21,788,2.0,0.0012690355329949238,1.0,,
mix_6x6_s2,mix+equity,FeasibleSA,0.4375,1.0,0.9226067546917642,1.0,0.8058902020000005,8.003922779651093,21,788,,,,,0.0
mix_6x6_s2,mix+equity,SA (safe-Λ QUBO),0.0,1.0,0.6702658957024378,0.8244243368614842,0.12549960000001192,inf,21,788,,,,,0.0
mix_6x6_s2,mix+equity,Tabu (safe-Λ QUBO),0.0,1.0,0.5946132211226638,0.8244243368614842,0.14988750300017273,inf,21,788,,,,,0.0
mix_6x6_s2,mix+equity,FeasibleSA,0.40625,1.0,0.9234782743882175,1.0,0.6271239579998564,8.834063615590537,21,788,,,,,1.0
mix_6x6_s2,mix+equity,SA (safe-Λ QUBO),0.0,1.0,0.5991596381796002,0.7837279918156599,0.23828939400004856,inf,21,788,,,,,1.0
mix_6x6_s2,mix+equity,Tabu (safe-Λ QUBO),0.0,1.0,0.6355957094626257,0.8244243368614842,0.1541460209998604,inf,21,788,,,,,1.0
mix_6x6_s2,mix+equity,FeasibleSA,0.4375,1.0,0.9390791949056994,1.0,0.6578193450000072,8.003922779651093,21,788,,,,,2.0
mix_6x6_s2,mix+equity,SA (safe-Λ QUBO),0.0,1.0,0.6471865438403515,0.8196641239849828,0.24256839300005595,inf,21,788,,,,,2.0
mix_6x6_s2,mix+equity,Tabu (safe-Λ QUBO),0.0,1.0,0.6390117276030695,0.8244243368614842,0.09287150300019675,inf,21,788,,,,,2.0
mix_7x7_s0,mix+equity,MILP (HiGHS),1.0,1.0,1.0,1.0,0.21532226699991952,1.0,24,1572,,,,,
mix_7x7_s0,mix+equity,Greedy planner,0.0,0.0,0.0,0.0,0.000808584999958839,inf,24,1572,,,,,
mix_7x7_s0,mix+equity,XY-QAOA complete (swap+add/remove) p=1,0.0015185340913727345,1.0,0.6025060301750226,1.0,5.452805260999867,3030.338780378903,24,1572,1.0,0.0006361323155216285,1.0,,
mix_7x7_s0,mix+equity,XY-QAOA complete (swap+add/remove) p=2,0.0022072850705848707,1.0,0.6169085787453252,1.0,38.872369041999946,2084.0470104130904,24,1572,2.0,0.0006361323155216285,1.0,,
mix_7x7_s0,mix+equity,FeasibleSA,0.21875,1.0,0.9022454445681307,1.0,1.302618989999928,18.65498149630122,24,1572,,,,,0.0
mix_7x7_s0,mix+equity,SA (safe-Λ QUBO),0.0,1.0,0.5847276406075317,0.8569892082851419,0.278895693000095,inf,24,1572,,,,,0.0
mix_7x7_s0,mix+equity,Tabu (safe-Λ QUBO),0.0,1.0,0.6080556623916425,0.8701932592140162,0.17562854900006641,inf,24,1572,,,,,0.0
mix_7x7_s0,mix+equity,FeasibleSA,0.09375,1.0,0.8961973719750922,1.0,0.8666110650001428,46.78145855016189,24,1572,,,,,1.0
mix_7x7_s0,mix+equity,SA (safe-Λ QUBO),0.0,1.0,0.6139898181038487,0.8158459265125587,0.26774043399996117,inf,24,1572,,,,,1.0
mix_7x7_s0,mix+equity,Tabu (safe-Λ QUBO),0.0,1.0,0.6020892455243926,0.8701932592140162,0.11675497100009125,inf,24,1572,,,,,1.0
mix_7x7_s0,mix+equity,FeasibleSA,0.1875,1.0,0.8960660901277931,1.0,1.0625034309998682,22.178695214687924,24,1572,,,,,2.0
mix_7x7_s0,mix+equity,SA (safe-Λ QUBO),0.0,0.96875,0.6188870816067125,0.8034247244113611,0.27693232499996157,inf,24,1572,,,,,2.0
mix_7x7_s0,mix+equity,Tabu (safe-Λ QUBO),0.0,1.0,0.5991033091387372,0.8659632931770836,0.14511049599991566,inf,24,1572,,,,,2.0
mix_7x7_s1,mix+equity,MILP (HiGHS),1.0,1.0,1.0,1.0,0.23782878399993024,1.0,24,1572,,,,,
mix_7x7_s1,mix+equity,Greedy planner,0.0,0.0,0.0,0.0,0.0008282109999981913,inf,24,1572,,,,,
mix_7x7_s1,mix+equity,XY-QAOA complete (swap+add/remove) p=1,0.0018069712085252475,1.0,0.5717607719790458,1.0,3.115585061000047,2546.2543094949974,24,1572,1.0,0.0006361323155216285,1.0,,
mix_7x7_s1,mix+equity,XY-QAOA complete (swap+add/remove) p=2,0.002045725073756699,1.0,0.5801363846113036,0.941621558532166,12.987992151999833,2248.8154352951587,24,1572,2.0,0.0006361323155216285,1.0,,
mix_7x7_s1,mix+equity,FeasibleSA,0.25,1.0,0.9455728844129432,1.0,0.7560678099998768,16.007845559302186,24,1572,,,,,0.0
mix_7x7_s1,mix+equity,SA (safe-Λ QUBO),0.0,1.0,0.5992215416805013,0.8528518798565665,0.13548240799991618,inf,24,1572,,,,,0.0
mix_7x7_s1,mix+equity,Tabu (safe-Λ QUBO),0.0,1.0,0.6062508153765549,0.9279506715759708,0.10609396400013793,inf,24,1572,,,,,0.0
mix_7x7_s1,mix+equity,FeasibleSA,0.1875,1.0,0.945786249741992,1.0,0.6523782369999935,22.178695214687924,24,1572,,,,,1.0
mix_7x7_s1,mix+equity,SA (safe-Λ QUBO),0.0,1.0,0.5655203264812021,0.8516753348736288,0.13977293499988264,inf,24,1572,,,,,1.0
mix_7x7_s1,mix+equity,Tabu (safe-Λ QUBO),0.0,1.0,0.5393799481527312,0.8410398221246381,0.11352111599990167,inf,24,1572,,,,,1.0
mix_7x7_s1,mix+equity,FeasibleSA,0.34375,1.0,0.9523901177073603,1.0,0.7713697819999652,10.933102969901157,24,1572,,,,,2.0
mix_7x7_s1,mix+equity,SA (safe-Λ QUBO),0.03125,1.0,0.589225044844432,1.0,0.13289038600009917,145.05067705006377,24,1572,,,,,2.0
mix_7x7_s1,mix+equity,Tabu (safe-Λ QUBO),0.0,1.0,0.6013634192981462,0.8528518798565665,0.11932750500000111,inf,24,1572,,,,,2.0
mix_7x7_s2,mix+equity,MILP (HiGHS),1.0,1.0,1.0,1.0,0.0678749629998947,1.0,24,2243,,,,,
mix_7x7_s2,mix+equity,Greedy planner,0.0,0.0,0.0,0.0,0.0010023590000400873,inf,24,2243,,,,,
mix_7x7_s2,mix+equity,XY-QAOA complete (swap+add/remove) p=1,0.0011979018731938411,1.0,0.5537914315082917,0.8422361196227521,5.949917158000062,3842.060411594061,24,2243,1.0,0.00044583147570218456,1.0,,
mix_7x7_s2,mix+equity,XY-QAOA complete (swap+add/remove) p=2,0.0017046706809132875,1.0,0.5634819712464534,0.9057398216367631,49.08855536100009,2699.198133736844,24,2243,2.0,0.00044583147570218456,1.0,,
mix_7x7_s2,mix+equity,FeasibleSA,0.53125,1.0,0.9113967806912529,1.0,0.6876286600002004,6.077942576546823,24,2243,,,,,0.0
mix_7x7_s2,mix+equity,SA (safe-Λ QUBO),0.0,1.0,0.5863368482411737,0.78761597077276,0.1407466000000568,inf,24,2243,,,,,0.0
mix_7x7_s2,mix+equity,Tabu (safe-Λ QUBO),0.0,1.0,0.5438754958047738,0.7684543650740057,0.114517694000142,inf,24,2243,,,,,0.0
mix_7x7_s2,mix+equity,FeasibleSA,0.34375,1.0,0.9012775876348831,1.0,0.62613369099995,10.933102969901157,24,2243,,,,,1.0
mix_7x7_s2,mix+equity,SA (safe-Λ QUBO),0.0,1.0,0.6107248623951279,0.7882684046849212,0.1362406440000541,inf,24,2243,,,,,1.0
mix_7x7_s2,mix+equity,Tabu (safe-Λ QUBO),0.0,1.0,0.5709142420658713,0.7847945676991511,0.11335054699998182,inf,24,2243,,,,,1.0
mix_7x7_s2,mix+equity,FeasibleSA,0.28125,1.0,0.8759031913652673,1.0,0.6857604049998827,13.944848179608762,24,2243,,,,,2.0
mix_7x7_s2,mix+equity,SA (safe-Λ QUBO),0.0,1.0,0.5500884007540255,0.7591693687189134,0.15054684099982296,inf,24,2243,,,,,2.0
mix_7x7_s2,mix+equity,Tabu (safe-Λ QUBO),0.0,1.0,0.5381125257666762,0.7275693951804232,0.11956650199999785,inf,24,2243,,,,,2.0
