family,method,p_opt,p_feasible,benefit_true,wall_time_s
park,MILP (HiGHS),1.0,1.0,1.0,0.09326326142856292
park,Greedy planner,0.8571428571428571,1.0,1.000084036438046,0.0010524967143185546
park,XY-QAOA complete (swap+add/remove) p=1,0.06298741463193219,1.0,0.865098831831509,1.5706873472857166
park,XY-QAOA complete (swap+add/remove) p=2,0.19709261838490272,1.0,0.9392703712577639,7.104201906428573
park,X-mixer penalty QAOA p=1,0.007567006195924688,0.7026161513211613,0.3951634980320201,0.6230026542500013
park,X-mixer penalty QAOA p=2,0.011051581923863634,0.8006685419019438,0.5083780730366422,1.116005792750002
park,FeasibleSA,1.0,1.0,1.0,0.2625638040952232
park,SA (safe-Λ QUBO),0.24553571428571427,1.0,0.9601941960741625,0.06503172085715073
park,Tabu (safe-Λ QUBO),1.0,1.0,1.0,0.022983788428567613
park-cardinality,MILP (HiGHS),1.0,1.0,1.0,0.032691558000010446
park-cardinality,Greedy planner,1.0,1.0,1.0,0.000344428999937918
park-cardinality,Dicke-XY complete p=1,0.18034254718497209,1.0,0.9369691467133425,2.99735032600006
park-cardinality,Dicke-XY complete p=2,0.37388073591193366,1.0,0.9677223174989087,15.135277651000024
park-cardinality,Dicke-XY ring p=1,0.0420690042523016,1.0,0.8773156715083178,2.646623583000064
park-cardinality,Dicke-XY ring p=2,0.14006326634007896,1.0,0.9052218162489055,16.12755671399998
park-cardinality,X-mixer penalty QAOA p=1,0.0037609334177394517,0.4461424464461207,0.3542012424649255,0.21931197100002464
park-cardinality,X-mixer penalty QAOA p=2,0.005256299437703708,0.6187270497836472,0.4914376699223629,0.30125170899998466
park-cardinality,FeasibleSA,1.0,1.0,1.0,0.24346433566673417
park-cardinality,SA (safe-Λ QUBO),0.6770833333333334,1.0,0.9930236482052638,0.04666976300006809
park-cardinality,Tabu (safe-Λ QUBO),1.0,1.0,1.0,0.010937794333282605
mix+equity,MILP (HiGHS),1.0,1.0,1.0,0.1776398929999914
mix+equity,Greedy planner,0.3333333333333333,0.3333333333333333,0.3333333333333333,0.0014864026666524903
mix+equity,XY-QAOA complete (swap+add/remove) p=1,0.002178803379631213,1.0,0.5990598788724167,3.571723270999977
mix+equity,XY-QAOA complete (swap+add/remove) p=2,0.0030432421748749603,1.0,0.6121233518812598,25.15657387349995
mix+equity,FeasibleSA,0.390625,1.0,0.9232934486538034,0.7858755511666433
mix+equity,SA (safe-Λ QUBO),0.001736111111111111,0.9965277777777778,0.6099705763197151,0.1954665311111133
mix+equity,Tabu (safe-Λ QUBO),0.0,1.0,0.6123937270946389,0.1395682385555751
