family,instance,method,p_opt,p_feasible,benefit_true,wall_time_s,reads_for_99
park,park_E6_7x7,MILP (HiGHS),1.0,1.0,1.0,0.16695646199991643,1.0
park,park_E6_7x7,Greedy planner,1.0,1.0,1.0,0.00039164700001492747,1.0
park,park_E6_7x7,XY-QAOA complete (swap+add/remove) p=1,0.05233544108779071,1.0,0.8693515946574977,1.9924519980000923,85.67012533312187
park,park_E6_7x7,XY-QAOA complete (swap+add/remove) p=2,0.24809988342957504,1.0,0.9380847178768783,9.927187761000027,16.149890643626172
park,park_E6_7x7,X-mixer penalty QAOA p=1,0.0017288376928706669,0.7945298212813852,0.4236189840625968,1.9027537800000118,2661.4344776521707
park,park_E6_7x7,X-mixer penalty QAOA p=2,0.0027620125184500085,0.9513366555858087,0.564174850716476,2.251968738999949,1665.020507597203
park,park_E6_7x7,FeasibleSA,1.0,1.0,1.0,0.19829437266666142,1.0
park,park_E6_7x7,SA (safe-Λ QUBO),0.15625,1.0,0.9531820900541043,0.07235208566669371,39.92925575344207
park,park_E6_7x7,Tabu (safe-Λ QUBO),1.0,1.0,1.0,0.02395734833332123,1.0
park-cardinality,park_E6_7x7_exactly3,MILP (HiGHS),1.0,1.0,1.0,0.032691558000010446,1.0
park-cardinality,park_E6_7x7_exactly3,Greedy planner,1.0,1.0,1.0,0.000344428999937918,1.0
park-cardinality,park_E6_7x7_exactly3,Dicke-XY complete p=1,0.18034254718497209,1.0,0.9369691467133425,2.99735032600006,23.156829841631367
park-cardinality,park_E6_7x7_exactly3,Dicke-XY complete p=2,0.37388073591193366,1.0,0.9677223174989087,15.135277651000024,9.835601178004149
park-cardinality,park_E6_7x7_exactly3,Dicke-XY ring p=1,0.0420690042523016,1.0,0.8773156715083178,2.646623583000064,107.14798077620308
park-cardinality,park_E6_7x7_exactly3,Dicke-XY ring p=2,0.14006326634007896,1.0,0.9052218162489055,16.12755671399998,30.518742775535827
park-cardinality,park_E6_7x7_exactly3,X-mixer penalty QAOA p=1,0.0037609334177394517,0.4461424464461207,0.3542012424649255,0.21931197100002464,1222.1712983945774
park-cardinality,park_E6_7x7_exactly3,X-mixer penalty QAOA p=2,0.005256299437703708,0.6187270497836472,0.4914376699223629,0.30125170899998466,873.8194109441267
park-cardinality,park_E6_7x7_exactly3,FeasibleSA,1.0,1.0,1.0,0.24346433566673417,1.0
park-cardinality,park_E6_7x7_exactly3,SA (safe-Λ QUBO),0.6770833333333334,1.0,0.9930236482052638,0.04666976300006809,4.085191669390778
park-cardinality,park_E6_7x7_exactly3,Tabu (safe-Λ QUBO),1.0,1.0,1.0,0.010937794333282605,1.0
park,park_8x8_s0,MILP (HiGHS),1.0,1.0,1.0,0.028137272999970264,1.0
park,park_8x8_s0,Greedy planner,1.0,1.0,1.0,0.00027331100000083097,1.0
park,park_8x8_s0,XY-QAOA complete (swap+add/remove) p=1,0.05489932334931432,1.0,0.8786090906479777,0.04091624700004104,81.55966249566588
park,park_8x8_s0,XY-QAOA complete (swap+add/remove) p=2,0.18806404116994943,1.0,0.9426258684830287,0.4121502599999758,22.104766278136452
park,park_8x8_s0,X-mixer penalty QAOA p=1,0.009517963958657711,0.6720221226000097,0.4139208688213139,0.22291056400001708,481.5335876127544
park,park_8x8_s0,X-mixer penalty QAOA p=2,0.013804041579060343,0.7505109917011448,0.525606023270772,0.6280488659999719,331.3023612242586
park,park_8x8_s0,FeasibleSA,1.0,1.0,1.0,0.21215353166667228,1.0
park,park_8x8_s0,SA (safe-Λ QUBO),0.5,1.0,0.9852736751340204,0.0589445143333478,6.719935977581581
park,park_8x8_s0,Tabu (safe-Λ QUBO),1.0,1.0,1.0,0.013002802999987276,1.0
park,park_8x8_s1,MILP (HiGHS),1.0,1.0,1.0,0.014847868999936509,1.0
park,park_8x8_s1,Greedy planner,1.0,1.0,1.0,0.0002213469999787776,1.0
park,park_8x8_s1,XY-QAOA complete (swap+add/remove) p=1,0.08429708183760813,1.0,0.8451424143553814,0.0956450930000301,52.29386817259867
park,park_8x8_s1,XY-QAOA complete (swap+add/remove) p=2,0.2699634915258487,1.0,0.9383737033991643,0.23252595999997538,14.635350653369402
park,park_8x8_s1,X-mixer penalty QAOA p=1,0.009513086182678116,0.6719573934702513,0.3775661063217589,0.17592391300001964,481.7816753833026
park,park_8x8_s1,X-mixer penalty QAOA p=2,0.013816328986582672,0.7504083913491133,0.4795630171932437,0.735994617000074,331.00566363268183
park,park_8x8_s1,FeasibleSA,1.0,1.0,1.0,0.2280384816666204,1.0
park,park_8x8_s1,SA (safe-Λ QUBO),0.46875,1.0,0.9733756423485026,0.0650329810000206,7.373925331713328
park,park_8x8_s1,Tabu (safe-Λ QUBO),1.0,1.0,1.0,0.01666038000003785,1.0
park,park_8x8_s2,MILP (HiGHS),1.0,1.0,1.0,0.017113824000034583,1.0
park,park_8x8_s2,Greedy planner,1.0,1.0,1.0,0.0002567200000385128,1.0
park,park_8x8_s2,XY-QAOA complete (swap+add/remove) p=1,0.20410962384903195,1.0,0.8282455679990365,0.1610513659999242,20.172119268534896
park,park_8x8_s2,XY-QAOA complete (swap+add/remove) p=2,0.3937992662077101,1.0,0.93166126316284,0.2835144930000979,9.200328503099064
park,park_8x8_s2,X-mixer penalty QAOA p=1,0.009508136949492258,0.6719552679329988,0.36554803292241084,0.19042235999995683,482.033657689294
park,park_8x8_s2,X-mixer penalty QAOA p=2,0.013823944611361515,0.7504181289717085,0.464168400966077,0.8480109490000132,330.8220378834391
park,park_8x8_s2,FeasibleSA,1.0,1.0,1.0,0.17860324633329583,1.0
park,park_8x8_s2,SA (safe-Λ QUBO),0.4791666666666667,1.0,0.9585185880089032,0.0384191146666808,7.185287460637362
park,park_8x8_s2,Tabu (safe-Λ QUBO),1.0,1.0,1.0,0.012373288333302904,1.0
park,park_10x10_s0,MILP (HiGHS),1.0,1.0,1.0,0.20214600200006316,1.0
park,park_10x10_s0,Greedy planner,0.0,1.0,1.000588255066323,0.004820605000077194,inf
park,park_10x10_s0,XY-QAOA complete (swap+add/remove) p=1,0.020347668792956575,1.0,0.8752632465575385,2.8955788600000005,224.01374166780732
park,park_10x10_s0,XY-QAOA complete (swap+add/remove) p=2,0.11390648933550859,1.0,0.9438477768194967,11.727558503999944,38.08040922004104
park,park_10x10_s0,FeasibleSA,1.0,1.0,1.0,0.3306306393332837,1.0
park,park_10x10_s0,SA (safe-Λ QUBO),0.020833333333333332,1.0,0.9462173177630865,0.0852158516666653,inf
park,park_10x10_s0,Tabu (safe-Λ QUBO),1.0,1.0,1.0,0.029994504000001143,1.0
park,park_10x10_s1,MILP (HiGHS),1.0,1.0,1.0,0.14950629700001627,1.0
park,park_10x10_s1,Greedy planner,1.0,1.0,1.0,0.0007030970000414527,1.0
park,park_10x10_s1,XY-QAOA complete (swap+add/remove) p=1,0.011383823497014896,1.0,0.889433387671456,2.646945040999981,402.2293517832945
park,park_10x10_s1,XY-QAOA complete (swap+add/remove) p=2,0.05619997362638554,1.0,0.943537970012634,12.567257405999953,79.61778730531368
park,park_10x10_s1,FeasibleSA,1.0,1.0,1.0,0.33409626599999837,1.0
park,park_10x10_s1,SA (safe-Λ QUBO),0.052083333333333336,1.0,0.9605947979951925,0.07192477066663135,112.29427088342982
park,park_10x10_s1,Tabu (safe-Λ QUBO),1.0,1.0,1.0,0.033130807333350276,1.0
park,park_10x10_s2,MILP (HiGHS),1.0,1.0,1.0,0.07413510300000326,1.0
park,park_10x10_s2,Greedy planner,1.0,1.0,1.0,0.0007007500000781874,1.0
park,park_10x10_s2,XY-QAOA complete (swap+add/remove) p=1,0.013538940009808782,1.0,0.8696465209316758,3.1622228259999474,337.83477848522267
park,park_10x10_s2,XY-QAOA complete (swap+add/remove) p=2,0.10961518339934162,1.0,0.9367612990503054,14.579218961000038,39.66502531389284
park,park_10x10_s2,FeasibleSA,1.0,1.0,1.0,0.3561300910000303,1.0
park,park_10x10_s2,SA (safe-Λ QUBO),0.041666666666666664,1.0,0.944197261215328,0.06333272800001548,inf
park,park_10x10_s2,Tabu (safe-Λ QUBO),1.0,1.0,1.0,0.03176738799997262,1.0
mix+equity,mix_6x6_s0,MILP (HiGHS),1.0,1.0,1.0,0.24277164399995854,1.0
mix+equity,mix_6x6_s0,Greedy planner,1.0,1.0,1.0,0.004874902999972619,1.0
mix+equity,mix_6x6_s0,XY-QAOA complete (swap+add/remove) p=1,0.0024671946157219754,1.0,0.6052251041747606,2.4040160299999798,1864.2578466477357
mix+equity,mix_6x6_s0,XY-QAOA complete (swap+add/remove) p=2,0.003572812361703052,1.0,0.6205699221856956,17.187747300999945,1286.6442758825763
mix+equity,mix_6x6_s0,FeasibleSA,0.53125,1.0,0.939443082559951,0.8406018233333725,6.1569907435835844
mix+equity,mix_6x6_s0,SA (safe-Λ QUBO),0.0,0.9895833333333334,0.6200802609996146,0.25750319600001603,inf
mix+equity,mix_6x6_s0,Tabu (safe-Λ QUBO),0.0,1.0,0.6647249642671603,0.1836369666666542,inf
mix+equity,mix_6x6_s1,MILP (HiGHS),1.0,1.0,1.0,0.1411393420000877,1.0
mix+equity,mix_6x6_s1,Greedy planner,1.0,1.0,1.0,0.0006519169999137375,1.0
mix+equity,mix_6x6_s1,XY-QAOA complete (swap+add/remove) p=1,0.003202845267986745,1.0,0.6264461620257702,2.2299702010000146,1435.5334193384795
mix+equity,mix_6x6_s1,XY-QAOA complete (swap+add/remove) p=2,0.0046050290272195895,1.0,0.6416963041855839,17.16311169200003,997.726296757496
mix+equity,mix_6x6_s1,FeasibleSA,0.5729166666666666,1.0,0.9296509619594043,0.7073496249999304,5.5570008025402124
mix+equity,mix_6x6_s1,SA (safe-Λ QUBO),0.0,1.0,0.6279653161063613,0.16009410633334178,inf
mix+equity,mix_6x6_s1,Tabu (safe-Λ QUBO),0.0,1.0,0.6501822910647111,0.14684700766664113,inf
mix+equity,mix_6x6_s2,MILP (HiGHS),1.0,1.0,1.0,0.16090235800015762,1.0
mix+equity,mix_6x6_s2,Greedy planner,0.0,0.0,0.0,0.0007524410000314674,inf
mix+equity,mix_6x6_s2,XY-QAOA complete (swap+add/remove) p=1,0.002879373220986737,1.0,0.6346297733716098,2.2780459149998933,1597.0618064785124
mix+equity,mix_6x6_s2,XY-QAOA complete (swap+add/remove) p=2,0.004123930835072265,1.0,0.6499469503131973,15.639667692999865,1114.390160267206
mix+equity,mix_6x6_s2,FeasibleSA,0.4270833333333333,1.0,0.9283880746618937,0.6969445016666214,8.280636391630908
mix+equity,mix_6x6_s2,SA (safe-Λ QUBO),0.0,1.0,0.6388706925741298,0.2021191290000388,inf
mix+equity,mix_6x6_s2,Tabu (safe-Λ QUBO),0.0,1.0,0.623073552729453,0.1323016756667433,inf
mix+equity,mix_7x7_s0,MILP (HiGHS),1.0,1.0,1.0,0.21532226699991952,1.0
mix+equity,mix_7x7_s0,Greedy planner,0.0,0.0,0.0,0.000808584999958839,inf
mix+equity,mix_7x7_s0,XY-QAOA complete (swap+add/remove) p=1,0.0015185340913727345,1.0,0.6025060301750226,5.452805260999867,3030.338780378903
mix+equity,mix_7x7_s0,XY-QAOA complete (swap+add/remove) p=2,0.0022072850705848707,1.0,0.6169085787453252,38.872369041999946,2084.0470104130904
mix+equity,mix_7x7_s0,FeasibleSA,0.16666666666666666,1.0,0.8981696355570054,1.0772444953333131,29.20504508705034
mix+equity,mix_7x7_s0,SA (safe-Λ QUBO),0.0,0.9895833333333334,0.6058681801060309,0.2745228173333392,inf
mix+equity,mix_7x7_s0,Tabu (safe-Λ QUBO),0.0,1.0,0.6030827390182575,0.1458313386666911,inf
mix+equity,mix_7x7_s1,MILP (HiGHS),1.0,1.0,1.0,0.23782878399993024,1.0
mix+equity,mix_7x7_s1,Greedy planner,0.0,0.0,0.0,0.0008282109999981913,inf
mix+equity,mix_7x7_s1,XY-QAOA complete (swap+add/remove) p=1,0.0018069712085252475,1.0,0.5717607719790458,3.115585061000047,2546.2543094949974
mix+equity,mix_7x7_s1,XY-QAOA complete (swap+add/remove) p=2,0.002045725073756699,1.0,0.5801363846113036,12.987992151999833,2248.8154352951587
mix+equity,mix_7x7_s1,FeasibleSA,0.2604166666666667,1.0,0.9479164172874318,0.7266052763332785,16.373214581297088
mix+equity,mix_7x7_s1,SA (safe-Λ QUBO),0.010416666666666666,1.0,0.5846556376687119,0.13604857633329934,inf
mix+equity,mix_7x7_s1,Tabu (safe-Λ QUBO),0.0,1.0,0.5823313942758107,0.11298086166668024,inf
mix+equity,mix_7x7_s2,MILP (HiGHS),1.0,1.0,1.0,0.0678749629998947,1.0
mix+equity,mix_7x7_s2,Greedy planner,0.0,0.0,0.0,0.0010023590000400873,inf
mix+equity,mix_7x7_s2,XY-QAOA complete (swap+add/remove) p=1,0.0011979018731938411,1.0,0.5537914315082917,5.949917158000062,3842.060411594061
mix+equity,mix_7x7_s2,XY-QAOA complete (swap+add/remove) p=2,0.0017046706809132875,1.0,0.5634819712464534,49.08855536100009,2699.198133736844
mix+equity,mix_7x7_s2,FeasibleSA,0.3854166666666667,1.0,0.8961925198971343,0.6665075853333443,10.318631242018915
mix+equity,mix_7x7_s2,SA (safe-Λ QUBO),0.0,1.0,0.5823833704634424,0.1425113616666446,inf
mix+equity,mix_7x7_s2,Tabu (safe-Λ QUBO),0.0,1.0,0.5509674212124405,0.11581158100004056,inf
