method,seed,n,n_feasible,budget,certified,T_tight,wall_s,over_T,feasible,opt,benefit_true,cooling_true_C,exposure_temp_C,spend
"MILP (HiGHS, 8 s cap)",0,108,>4000,16,True,68.59163083199996,1.6684877860000142,False,True,True,1.0,0.928648027962879,29.382615356393508,16
Greedy planner,0,108,>4000,16,True,68.59163083199996,0.06019538900000043,False,False,False,0.0,0.9342555413093869,29.377007843047,16
FeasibleSA,0,108,>4000,16,True,68.59163083199996,70.18420066199997,False,True,False,0.9138789883313874,0.8486719203106539,29.462591464045733,16
Tabu-on-F,0,108,>4000,16,True,68.59163083199996,66.34817156200006,False,True,False,0.9138789883313874,0.8486719203106539,29.462591464045733,16
FeasibleSQA,0,108,>4000,16,True,68.59163083199996,64.44957190499986,False,True,True,1.0,0.928648027962879,29.382615356393508,16
SA-matched α=0.01 + repair,0,108,>4000,16,True,68.59163083199996,64.6979331719997,False,True,True,1.0,0.928648027962879,29.382615356393508,16
FeasibleSA,1,108,>4000,16,True,68.59163083199996,62.934731340000326,False,True,True,1.0,0.928648027962879,29.382615356393508,16
Tabu-on-F,1,108,>4000,16,True,68.59163083199996,68.35394707100022,False,True,False,0.3686205562906743,0.34231875266591416,29.968944631690473,16
FeasibleSQA,1,108,>4000,16,True,68.59163083199996,62.99264032600013,False,True,False,0.9996867601581929,0.9283571384015055,29.38290624595488,16
SA-matched α=0.01 + repair,1,108,>4000,16,True,68.59163083199996,64.66181791700001,False,True,True,1.0,0.928648027962879,29.382615356393508,16
