grid,solver,alpha,p_feasible,p_success,p_success_pp,mean_benefit_ratio,mean_benefit_ratio_pp,time_per_read_s,time_per_read_s_pp
8,FeasibleSA,,1.0,0.6302083333333334,,0.9766635399040305,,0.027685670671874735,
8,Greedy planner,,0.6666666666666666,0.6666666666666666,,0.6666666666666666,,0.0018639253333200638,
8,MILP (HiGHS),,1.0,1.0,,1.0,,0.5348397993333643,
8,SA,0.01,0.4322916666666667,0.046875,0.65625,0.40629736859957105,0.9451420429334534,0.006325886854166758,0.017367081348959108
8,SA,0.03,0.75,0.0,0.3020833333333333,0.6113940673920815,0.8931960478229941,0.006249571343750186,0.01818869702083366
8,SA,0.1,0.9583333333333334,0.0,0.13020833333333334,0.6745944687202603,0.8481370589801475,0.006079479979166062,0.01807408097395739
8,SA,1.0,0.9583333333333334,0.0,0.041666666666666664,0.6007442116939073,0.8173055577603399,0.005320262677082965,0.018833919161457047
8,SA-matched,0.01,0.6041666666666666,0.3802083333333333,0.8645833333333334,0.6003502474583067,0.9628418702933822,0.10706682692708232,0.1153036136302088
8,SA-matched,0.03,0.9114583333333334,0.03125,0.546875,0.8257735830128284,0.9386014650890818,0.10363292965104165,0.11290350553645882
8,SA-matched,0.1,1.0,0.0,0.3645833333333333,0.840984986122915,0.9203266309831885,0.09769005236458383,0.10891010576041656
8,SA-matched,1.0,1.0,0.010416666666666666,0.3020833333333333,0.7987292166681916,0.9026685922207917,0.0916921088958329,0.10376098491145729
8,SQA,0.01,0.6875,0.3958333333333333,0.9895833333333334,0.6847921813113222,0.9895833333333334,0.24923683786458284,0.25742154693749936
8,SQA,0.03,0.9375,0.03125,0.65625,0.8675597416851026,0.9560726916178165,0.25078848760416744,0.26094016717708257
8,SQA,0.1,1.0,0.0,0.16666666666666666,0.8569059486366721,0.9018828651977393,0.2448457594895821,0.2556741636354154
8,SQA,1.0,1.0,0.010416666666666666,0.1875,0.8277682339839044,0.8936737789707818,0.23207674992708385,0.2429659864270827
8,Tabu,0.01,0.609375,0.22916666666666666,0.875,0.5947825987396924,0.9827310275338349,0.0062694100572920535,0.01551164059895882
8,Tabu,0.03,0.9427083333333334,0.0,0.046875,0.7800654503584205,0.8740953327894289,0.0063854137552083285,0.016986568088541414
8,Tabu,0.1,0.9947916666666666,0.0,0.020833333333333332,0.7020070663059744,0.7572863282360225,0.005011371651040856,0.014130731953123643
8,Tabu,1.0,0.9947916666666666,0.0,0.020833333333333332,0.7020070663059744,0.7572863282360225,0.005005067062500146,0.013597881046874724
10,FeasibleSA,,1.0,0.6458333333333334,,0.9758247364598872,,0.06920037315625116,
10,Greedy planner,,0.6666666666666666,0.6666666666666666,,0.6666666666666666,,0.004526486333399286,
10,MILP (HiGHS),,1.0,1.0,,1.0,,2.58943060366668,
10,SA,0.01,0.59375,0.005208333333333333,0.625,0.5287024077994519,0.9505933263221018,0.010672157255208722,0.03891238503125116
10,SA,0.03,0.875,0.0,0.16666666666666666,0.6580187148681196,0.8936345005508549,0.009851492505205783,0.042841115703123954
10,SA,0.1,0.9947916666666666,0.0,0.11458333333333333,0.6317419760023005,0.862060895107609,0.009449212723958786,0.04719950878645859
10,SA,1.0,0.9947916666666666,0.0,0.046875,0.5915765814008495,0.8382718588890151,0.009032642968749135,0.046803309562498896
10,SA-matched,0.01,0.7447916666666666,0.125,0.890625,0.7232940944039187,0.990256691622151,0.17599206780208299,0.1964122220312484
10,SA-matched,0.03,0.984375,0.0,0.453125,0.8428623877579581,0.9432213254319177,0.17285067051041617,0.2003569152395824
10,SA-matched,0.1,1.0,0.0,0.265625,0.79801437774208,0.9167742390209527,0.16263103935937492,0.19452534363541574
10,SA-matched,1.0,1.0,0.0,0.19270833333333334,0.7648970926197434,0.9072269764023447,0.15229273142708522,0.18725834464583535
10,SQA,0.01,0.8958333333333334,0.07291666666666667,0.9479166666666666,0.8717764141273046,0.9955479093713081,0.4291366376562505,0.4519841929270865
10,SQA,0.03,0.9791666666666666,0.0,0.2916666666666667,0.8446097189723836,0.9186885147157621,0.41105836052083333,0.4387561579374986
10,SQA,0.1,1.0,0.0,0.1875,0.8179094708455823,0.9107143238831209,0.39684109611458496,0.4270379445312524
10,SQA,1.0,1.0,0.0,0.10416666666666667,0.7850546008601585,0.8852336421078233,0.38746848926041483,0.43007745018749804
10,Tabu,0.01,0.859375,0.005208333333333333,0.08854166666666667,0.7791707815121777,0.9222814047474143,0.014362003953123667,0.03702029580728983
10,Tabu,0.03,0.984375,0.0,0.010416666666666666,0.7936029872651233,0.8399958921785736,0.01567669197395638,0.039671268124997994
10,Tabu,0.1,1.0,0.0,0.005208333333333333,0.7636874100679739,0.8250854113928062,0.014441629453123403,0.04222114407291322
10,Tabu,1.0,1.0,0.0,0.005208333333333333,0.7636874100679739,0.8250854113928062,0.015055402166665269,0.04698105429687279
12,FeasibleSA,,1.0,0.10416666666666667,,0.9399131172597475,,0.30648545284895806,
12,Greedy planner,,0.0,0.0,,0.0,,0.01425812233325511,
12,MILP (HiGHS),,1.0,1.0,,1.0,,8.316214162333381,
12,SA,0.01,0.796875,0.0,0.22916666666666666,0.6254524430013977,0.9261318519336316,0.020836989447915972,0.15814202368749974
12,SA,0.03,0.9270833333333334,0.0,0.057291666666666664,0.5839856201469658,0.8500846808972257,0.019222920171877433,0.18653577618750225
12,SA,0.1,1.0,0.0,0.005208333333333333,0.5503519910198219,0.8035041035073497,0.018705385432289983,0.19117823644791562
12,SA,1.0,0.984375,0.0,0.005208333333333333,0.5153501945211917,0.7836734938309541,0.017333041661458992,0.19340220220312432
12,SA-matched,0.01,0.796875,0.0,0.65625,0.7127581745234198,0.973937133659597,0.3455839501093744,0.4477532418281231
12,SA-matched,0.03,0.9791666666666666,0.0,0.10416666666666667,0.7559269486588018,0.9114363952155448,0.33138673727083184,0.47710873136458315
12,SA-matched,0.1,1.0,0.0,0.09375,0.7132863190337121,0.8928222701117514,0.31813868469270784,0.4713186845937507
12,SA-matched,1.0,1.0,0.0,0.057291666666666664,0.6889617547963874,0.8774603435810536,0.29563408446874934,0.45573073480208137
12,SQA,0.01,0.9166666666666666,0.0,0.3645833333333333,0.8127845820689344,0.9526333561764458,0.774711141458333,0.8955826329687492
12,SQA,0.03,0.9895833333333334,0.0,0.020833333333333332,0.7621569668860145,0.889659534638317,0.761793844270836,0.905687198208336
12,SQA,0.1,1.0,0.0,0.020833333333333332,0.7270309303676439,0.8630869942943482,0.7462564229583298,0.9030765811041661
12,SQA,1.0,1.0,0.0,0.03125,0.7086584966588062,0.8602377902031927,0.7078956066354157,0.8719746926770829
12,Tabu,0.01,0.90625,0.0,0.0,0.69751725216512,0.8032031977994437,0.04274380658333262,0.16186358320312286
12,Tabu,0.03,0.9739583333333334,0.0,0.0,0.5939876993988555,0.6727156950996039,0.04038946525520851,0.17460466139583394
12,Tabu,0.1,0.953125,0.0,0.0,0.5614675671803061,0.6606038557140502,0.03918226240103806,0.16863253819791288
12,Tabu,1.0,0.953125,0.0,0.0,0.5614675671803061,0.6606038557140502,0.03926461490104435,0.17020231601041877
