solver,alpha,p_feasible,p_success,p_success_pp,mean_benefit_ratio,mean_benefit_ratio_pp,time_per_read_s,time_per_read_s_pp
FeasibleSA,,1.0,0.4600694444444444,,0.9641337978745551,,0.13445716555902798,
Greedy planner,,0.4444444444444444,0.4444444444444444,,0.4444444444444444,,0.006882844666658154,
MILP (HiGHS),,1.0,1.0,,1.0,,3.813494855111142,
SA,0.01,0.6076388888888888,0.017361111111111112,0.5034722222222222,0.5201507398001401,0.9406224070630622,0.012611677852430484,0.07147383002257
SA,0.03,0.8506944444444444,0.0,0.1753472222222222,0.6177994674690557,0.8789717430903583,0.011774661340277801,0.08252186297048662
SA,0.1,0.984375,0.0,0.08333333333333333,0.618896145247461,0.8379006858650354,0.01141135937847161,0.08548394206944386
SA,1.0,0.9791666666666666,0.0,0.03125,0.5692236625386494,0.8130836368267697,0.010561982435763697,0.08634647697569342
SA-matched,0.01,0.7152777777777778,0.1684027777777778,0.8038194444444444,0.678800838795215,0.97567856519171,0.2095476149461799,0.2531563591631934
SA-matched,0.03,0.9583333333333334,0.010416666666666666,0.3680555555555556,0.8081876398098627,0.9310863952455148,0.20262344581076322,0.26345638404687477
SA-matched,0.1,1.0,0.0,0.24131944444444445,0.7840952276329023,0.9099743800386307,0.19281992547222218,0.25825137799652764
SA-matched,1.0,1.0,0.003472222222222222,0.1840277777777778,0.7508626880281075,0.8957853040680634,0.17987297493055582,0.24891668811979134
SQA,0.01,0.8333333333333334,0.15625,0.7673611111111112,0.7897843925025204,0.9792548662936957,0.48436153899305545,0.5349961242777783
SQA,0.03,0.96875,0.010416666666666666,0.3229166666666667,0.8247754758478335,0.9214735803239651,0.4745468974652789,0.5351278411076391
SQA,0.1,1.0,0.0,0.125,0.8006154499499661,0.8918947277917361,0.46264775952083226,0.5285962297569446
SQA,1.0,1.0,0.003472222222222222,0.1076388888888889,0.7738271105009563,0.8797150704272659,0.44248028194097144,0.5150060430972212
Tabu,0.01,0.7916666666666666,0.078125,0.3211805555555556,0.6904902108056634,0.9027385433602311,0.021125073531249445,0.07146517320312383
Tabu,0.03,0.9670138888888888,0.0,0.019097222222222224,0.7225520456741331,0.7956023066892022,0.02081719032812441,0.07708749920312445
Tabu,0.1,0.9826388888888888,0.0,0.008680555555555556,0.6757206811847515,0.7476585317809596,0.019545087835067438,0.07499480474131658
Tabu,1.0,0.9826388888888888,0.0,0.008680555555555556,0.6757206811847515,0.7476585317809596,0.019775028043403253,0.07692708378472209
