instance,solver,seed,n_vars,n_decision,degree,penalty_mult,penalty_weight,safe_penalty_weight,quadratized,n_slack,n_aux,reads,p_success,p_success_lo,p_success_hi,p_feasible,best_feasible_obj,best_gap_C,mean_benefit_ratio,best_benefit_ratio,time_per_read_s,tts99_s,wall_time_s,p_success_pp,p_success_lo_pp,p_success_hi_pp,p_feasible_pp,best_feasible_obj_pp,best_gap_C_pp,mean_benefit_ratio_pp,best_benefit_ratio_pp,time_per_read_s_pp,tts99_s_pp,wall_time_s_pp
park_12x12,SA,0,27,22,2,0.01,0.02644966333797298,2.644966333797298,False,5,0,32,0.0,0.0,0.1071827150573635,0.0,,,0.0,0.0,0.011229581343741302,inf,0.35934660299972165,1.0,0.8928172849426366,1.0,1.0,30.99656661158894,0.0,1.0,1.0,0.02126232843750131,0.02126232843750131,0.6803945100000419
park_12x12,SA,1,27,22,2,0.01,0.02644966333797298,2.644966333797298,False,5,0,32,0.0,0.0,0.1071827150573635,0.0,,,0.0,0.0,0.0028611858125060508,inf,0.09155794600019362,1.0,0.8928172849426366,1.0,1.0,30.99656661158894,0.0,1.0,1.0,0.01532592803125965,0.01532592803125965,0.4904296970003088
park_12x12,SA,2,27,22,2,0.01,0.02644966333797298,2.644966333797298,False,5,0,32,0.0,0.0,0.1071827150573635,0.0,,,0.0,0.0,0.0031138170624984696,inf,0.09964214599995103,1.0,0.8928172849426366,1.0,1.0,30.99656661158894,0.0,1.0,1.0,0.015133549499992682,0.015133549499992682,0.48427358399976583
park_12x12,Tabu,0,27,22,2,0.01,0.02644966333797298,2.644966333797298,False,5,0,32,0.0,0.0,0.1071827150573635,0.0,,,0.0,0.0,0.002350518718756689,inf,0.07521659900021405,1.0,0.8928172849426366,1.0,1.0,30.99656661158894,0.0,1.0,1.0,0.011142283062497427,0.011142283062497427,0.35655305799991766
park_12x12,Tabu,1,27,22,2,0.01,0.02644966333797298,2.644966333797298,False,5,0,32,0.0,0.0,0.1071827150573635,0.0,,,0.0,0.0,0.0019393485937513333,inf,0.062059155000042665,1.0,0.8928172849426366,1.0,1.0,30.99656661158894,0.0,1.0,1.0,0.0105521424687538,0.0105521424687538,0.3376685590001216
park_12x12,Tabu,2,27,22,2,0.01,0.02644966333797298,2.644966333797298,False,5,0,32,0.0,0.0,0.1071827150573635,0.0,,,0.0,0.0,0.0018271764062518514,inf,0.058469645000059245,1.0,0.8928172849426366,1.0,1.0,30.99656661158894,0.0,1.0,1.0,0.010462089875005631,0.010462089875005631,0.3347868760001802
park_12x12,SQA,0,27,22,2,0.01,0.02644966333797298,2.644966333797298,False,5,0,32,0.0,0.0,0.1071827150573635,0.0,,,0.0,0.0,0.0996353222812445,inf,3.188330312999824,1.0,0.8928172849426366,1.0,1.0,30.99656661158894,0.0,1.0,1.0,0.10765890643749287,0.10765890643749287,3.445085005999772
park_12x12,SQA,1,27,22,2,0.01,0.02644966333797298,2.644966333797298,False,5,0,32,0.0,0.0,0.1071827150573635,0.0,,,0.0,0.0,0.10082431690624105,inf,3.2263781409997137,1.0,0.8928172849426366,1.0,1.0,30.99656661158894,0.0,1.0,1.0,0.10853130424999335,0.10853130424999335,3.4730017359997873
park_12x12,SQA,2,27,22,2,0.01,0.02644966333797298,2.644966333797298,False,5,0,32,0.0,0.0,0.1071827150573635,0.0,,,0.0,0.0,0.10152324915625854,inf,3.2487439730002734,1.0,0.8928172849426366,1.0,1.0,30.99656661158894,0.0,1.0,1.0,0.10928557203126843,0.10928557203126843,3.4971383050005898
park_12x12,SA,0,27,22,2,0.03,0.07934899001391893,2.644966333797298,False,5,0,32,0.0,0.0,0.1071827150573635,0.1875,31.037037248894485,0.04047063730554612,0.1790483874760759,0.9645242646448303,0.002716813031241827,inf,0.08693801699973847,1.0,0.8928172849426366,1.0,1.0,30.99656661158894,0.0,1.0,1.0,0.012984284874988816,0.012984284874988816,0.4154971159996421
park_12x12,SA,1,27,22,2,0.03,0.07934899001391893,2.644966333797298,False,5,0,32,0.03125,0.005537717362550945,0.15744607800372734,0.15625,30.99656661158894,0.0,0.15079463196606185,1.0,0.002711127687490489,0.39325090663966916,0.08675608599969564,1.0,0.8928172849426366,1.0,1.0,30.99656661158894,0.0,1.0,1.0,0.013189620999980889,0.013189620999980889,0.42206787199938844
park_12x12,SA,2,27,22,2,0.03,0.07934899001391893,2.644966333797298,False,5,0,32,0.0,0.0,0.1071827150573635,0.09375,31.008399231513007,0.0118326199240677,0.0910781430973089,0.9896277666740126,0.002724526656251669,inf,0.08718485300005341,1.0,0.8928172849426366,1.0,1.0,30.99656661158894,0.0,1.0,1.0,0.013988924625010668,0.013988924625010668,0.4476455880003414
park_12x12,Tabu,0,27,22,2,0.03,0.07934899001391893,2.644966333797298,False,5,0,32,0.0,0.0,0.1071827150573635,0.0,,,0.0,0.0,0.002582226781257191,inf,0.08263125700023011,1.0,0.8928172849426366,1.0,1.0,30.99656661158894,0.0,1.0,1.0,0.012372932656248281,0.012372932656248281,0.395933844999945
park_12x12,Tabu,1,27,22,2,0.03,0.07934899001391893,2.644966333797298,False,5,0,32,0.0,0.0,0.1071827150573635,0.03125,31.108675424509272,0.11210881292033292,0.02817899064997016,0.9017277007990451,0.001920688812489857,inf,0.06146204199967542,1.0,0.8928172849426366,1.0,1.0,30.99656661158894,0.0,1.0,1.0,0.010810743500002218,0.010810743500002218,0.34594379200007097
park_12x12,Tabu,2,27,22,2,0.03,0.07934899001391893,2.644966333797298,False,5,0,32,0.0,0.0,0.1071827150573635,0.03125,31.108675424509272,0.11210881292033292,0.02817899064997016,0.9017277007990451,0.0018540869687484474,inf,0.059330782999950316,1.0,0.8928172849426366,1.0,1.0,30.99656661158894,0.0,1.0,1.0,0.010496819218758446,0.010496819218758446,0.3358982150002703
park_12x12,SQA,0,27,22,2,0.03,0.07934899001391893,2.644966333797298,False,5,0,32,0.0,0.0,0.1071827150573635,0.03125,31.00718484964393,0.010618238054991735,0.030959133407996258,0.9906922690558803,0.09573710137499347,inf,3.063587243999791,1.0,0.8928172849426366,1.0,1.0,30.99656661158894,0.0,1.0,1.0,0.10472596665624678,0.10472596665624678,3.351230932999897
park_12x12,SQA,1,27,22,2,0.03,0.07934899001391893,2.644966333797298,False,5,0,32,0.0,0.0,0.1071827150573635,0.03125,31.012115877056495,0.015549265467555529,0.0308240572182234,0.9863698309831488,0.09792883771875438,inf,3.13372280700014,1.0,0.8928172849426366,1.0,1.0,30.99656661158894,0.0,1.0,1.0,0.10676455306250432,0.10676455306250432,3.416465698000138
park_12x12,SQA,2,27,22,2,0.03,0.07934899001391893,2.644966333797298,False,5,0,32,0.09375,0.032400962626319516,0.24218499335778831,0.15625,30.99656661158894,0.0,0.15558199660138605,1.0,0.09589278671874979,4.486004427142707,3.0685691749999933,1.0,0.8928172849426366,1.0,1.0,30.99656661158894,0.0,1.0,1.0,0.10464957975000289,0.10464957975000289,3.3487865520000923
park_12x12,SA,0,27,22,2,0.1,0.2644966333797298,2.644966333797298,False,5,0,32,0.0,0.0,0.1071827150573635,1.0,31.034299948545396,0.03773333695645675,0.9077844347248843,0.9669237263098088,0.0026574926250049202,inf,0.08503976400015745,1.0,0.8928172849426366,1.0,1.0,30.99656661158894,0.0,1.0,1.0,0.015047416875006547,0.015047416875006547,0.4815173400002095
park_12x12,SA,1,27,22,2,0.1,0.2644966333797298,2.644966333797298,False,5,0,32,0.0,0.0,0.1071827150573635,1.0,31.03233047584587,0.03576386425693201,0.9120747469785644,0.9686501259152828,0.0026198075625103456,inf,0.08383384200033106,1.0,0.8928172849426366,1.0,1.0,30.99656661158894,0.0,1.0,1.0,0.013721123531254875,0.013721123531254875,0.439075953000156
park_12x12,SA,2,27,22,2,0.1,0.2644966333797298,2.644966333797298,False,5,0,32,0.0,0.0,0.1071827150573635,1.0,31.030526939258777,0.033960327669838364,0.9225119139642453,0.9702310693084902,0.0034659603749958023,inf,0.11091073199986567,1.0,0.8928172849426366,1.0,1.0,30.99656661158894,0.0,1.0,1.0,0.01531492193750239,0.01531492193750239,0.4900775020000765
park_12x12,Tabu,0,27,22,2,0.1,0.2644966333797298,2.644966333797298,False,5,0,32,1.0,0.8928172849426366,1.0,1.0,30.99656661158894,0.0,1.0,1.0,0.001791213593747898,0.001791213593747898,0.05731883499993273,1.0,0.8928172849426366,1.0,1.0,30.99656661158894,0.0,1.0,1.0,0.0068251653125059875,0.0068251653125059875,0.2184052900001916
park_12x12,Tabu,1,27,22,2,0.1,0.2644966333797298,2.644966333797298,False,5,0,32,1.0,0.8928172849426366,1.0,1.0,30.99656661158894,0.0,1.0,1.0,0.002291010937511828,0.002291010937511828,0.0733123500003785,1.0,0.8928172849426366,1.0,1.0,30.99656661158894,0.0,1.0,1.0,0.0075147660937631144,0.0075147660937631144,0.24047251500041966
park_12x12,Tabu,2,27,22,2,0.1,0.2644966333797298,2.644966333797298,False,5,0,32,0.96875,0.8425539219962727,0.9944622826374491,1.0,30.99656661158894,0.0,0.9969289906499701,1.0,0.0022363985000026787,0.002971662003409141,0.07156475200008572,1.0,0.8928172849426366,1.0,1.0,30.99656661158894,0.0,1.0,1.0,0.007064740312500817,0.007064740312500817,0.22607169000002614
park_12x12,SQA,0,27,22,2,0.1,0.2644966333797298,2.644966333797298,False,5,0,32,0.03125,0.005537717362550945,0.15744607800372734,1.0,30.99656661158894,0.0,0.9688353132647518,1.0,0.09212056665624857,13.362150563724384,2.9478581329999543,1.0,0.8928172849426366,1.0,1.0,30.99656661158894,0.0,1.0,1.0,0.10021540293750775,0.10021540293750775,3.206892894000248
park_12x12,SQA,1,27,22,2,0.1,0.2644966333797298,2.644966333797298,False,5,0,32,0.0,0.0,0.1071827150573635,1.0,30.99660887166672,4.226007778029839e-05,0.969276241497089,0.9999629556776163,0.09336108265624432,inf,2.9875546449998183,1.0,0.8928172849426366,1.0,1.0,30.99656661158894,0.0,1.0,1.0,0.10372508234374322,0.10372508234374322,3.319202634999783
park_12x12,SQA,2,27,22,2,0.1,0.2644966333797298,2.644966333797298,False,5,0,32,0.0,0.0,0.1071827150573635,1.0,31.00184110919405,0.005274497605110895,0.9670629946668238,0.9953764829607774,0.09543836846874854,inf,3.054027790999953,1.0,0.8928172849426366,1.0,1.0,30.99656661158894,0.0,1.0,1.0,0.10595829590624817,0.10595829590624817,3.3906654689999414
park_12x12,SA,0,27,22,2,0.3,0.7934899001391894,2.644966333797298,False,5,0,32,0.0,0.0,0.1071827150573635,1.0,31.021868317471352,0.02530170588241276,0.9087331299656068,0.9778210405943915,0.002649981999994111,inf,0.08479942399981155,1.0,0.8928172849426366,1.0,1.0,30.99656661158894,0.0,1.0,1.0,0.013569024156240062,0.013569024156240062,0.43420877299968197
park_12x12,SA,1,27,22,2,0.3,0.7934899001391894,2.644966333797298,False,5,0,32,0.0,0.0,0.1071827150573635,1.0,31.03173442241383,0.03516781082489118,0.9135541777966227,0.9691726141986516,0.0025844040937528234,inf,0.08270093100009035,1.0,0.8928172849426366,1.0,1.0,30.99656661158894,0.0,1.0,1.0,0.013957664718759588,0.013957664718759588,0.4466452710003068
park_12x12,SA,2,27,22,2,0.3,0.7934899001391894,2.644966333797298,False,5,0,32,0.0,0.0,0.1071827150573635,1.0,31.021450068558657,0.024883456969718054,0.9164819690592049,0.9781876690620215,0.0026454402812561284,inf,0.08465408900019611,1.0,0.8928172849426366,1.0,1.0,30.99656661158894,0.0,1.0,1.0,0.01363752796875417,0.01363752796875417,0.43640089500013346
park_12x12,Tabu,0,27,22,2,0.3,0.7934899001391894,2.644966333797298,False,5,0,32,1.0,0.8928172849426366,1.0,1.0,30.99656661158894,0.0,1.0,1.0,0.0018056071875065527,0.0018056071875065527,0.057779430000209686,1.0,0.8928172849426366,1.0,1.0,30.99656661158894,0.0,1.0,1.0,0.006395491562514621,0.006395491562514621,0.20465573000046788
park_12x12,Tabu,1,27,22,2,0.3,0.7934899001391894,2.644966333797298,False,5,0,32,1.0,0.8928172849426366,1.0,1.0,30.99656661158894,0.0,1.0,1.0,0.0019387383437532435,0.0019387383437532435,0.06203962700010379,1.0,0.8928172849426366,1.0,1.0,30.99656661158894,0.0,1.0,1.0,0.006342392218755322,0.006342392218755322,0.2029565510001703
park_12x12,Tabu,2,27,22,2,0.3,0.7934899001391894,2.644966333797298,False,5,0,32,0.96875,0.8425539219962727,0.9944622826374491,1.0,30.99656661158894,0.0,0.9969289906499701,1.0,0.0019574909374995286,0.002601057656306834,0.06263970999998492,1.0,0.8928172849426366,1.0,1.0,30.99656661158894,0.0,1.0,1.0,0.006582925281250596,0.006582925281250596,0.21065360900001906
park_12x12,SQA,0,27,22,2,0.3,0.7934899001391894,2.644966333797298,False,5,0,32,0.0,0.0,0.1071827150573635,1.0,31.00184110919405,0.005274497605110895,0.9635241732071086,0.9953764829607774,0.0916915562812477,inf,2.9341298009999264,1.0,0.8928172849426366,1.0,1.0,30.99656661158894,0.0,1.0,1.0,0.10071707862499579,0.10071707862499579,3.2229465159998654
park_12x12,SQA,1,27,22,2,0.3,0.7934899001391894,2.644966333797298,False,5,0,32,0.0,0.0,0.1071827150573635,1.0,31.00184110919405,0.005274497605110895,0.9632640284688461,0.9953764829607774,0.09746258584375767,inf,3.1188027470002453,1.0,0.8928172849426366,1.0,1.0,30.99656661158894,0.0,1.0,1.0,0.10608567287501103,0.10608567287501103,3.394741532000353
park_12x12,SQA,2,27,22,2,0.3,0.7934899001391894,2.644966333797298,False,5,0,32,0.0,0.0,0.1071827150573635,1.0,30.99660887166672,4.226007778029839e-05,0.964944640255615,0.9999629556776163,0.08946328862499797,inf,2.862825235999935,1.0,0.8928172849426366,1.0,1.0,30.99656661158894,0.0,1.0,1.0,0.09765259128124626,0.09765259128124626,3.1248829209998803
park_12x12,SA,0,27,22,2,1.0,2.644966333797298,2.644966333797298,False,5,0,32,0.0,0.0,0.1071827150573635,1.0,31.05007978877941,0.053513177190470884,0.8929531263375488,0.9530914401547295,0.0024558354687513884,inf,0.07858673500004443,1.0,0.8928172849426366,1.0,1.0,30.99656661158894,0.0,1.0,1.0,0.013943518406250632,0.013943518406250632,0.44619258900002023
park_12x12,SA,1,27,22,2,1.0,2.644966333797298,2.644966333797298,False,5,0,32,0.0,0.0,0.1071827150573635,1.0,31.012115877056495,0.015549265467555529,0.9042231161504681,0.9863698309831488,0.002478514125002107,inf,0.07931245200006742,1.0,0.8928172849426366,1.0,1.0,30.99656661158894,0.0,1.0,1.0,0.013505889906255675,0.013505889906255675,0.4321884770001816
park_12x12,SA,2,27,22,2,1.0,2.644966333797298,2.644966333797298,False,5,0,32,0.0,0.0,0.1071827150573635,1.0,31.03364186925009,0.03707525766115083,0.9182008579180416,0.9675005852000391,0.002488375125011544,inf,0.0796280040003694,1.0,0.8928172849426366,1.0,1.0,30.99656661158894,0.0,1.0,1.0,0.01294930781250514,0.01294930781250514,0.41437785000016447
park_12x12,Tabu,0,27,22,2,1.0,2.644966333797298,2.644966333797298,False,5,0,32,1.0,0.8928172849426366,1.0,1.0,30.99656661158894,0.0,1.0,1.0,0.0021438726874976055,0.0021438726874976055,0.06860392599992338,1.0,0.8928172849426366,1.0,1.0,30.99656661158894,0.0,1.0,1.0,0.006898471218747204,0.006898471218747204,0.22075107899991053
park_12x12,Tabu,1,27,22,2,1.0,2.644966333797298,2.644966333797298,False,5,0,32,1.0,0.8928172849426366,1.0,1.0,30.99656661158894,0.0,1.0,1.0,0.0019126259999922013,0.0019126259999922013,0.06120403199975044,1.0,0.8928172849426366,1.0,1.0,30.99656661158894,0.0,1.0,1.0,0.0064808629374937254,0.0064808629374937254,0.20738761399979921
park_12x12,Tabu,2,27,22,2,1.0,2.644966333797298,2.644966333797298,False,5,0,32,0.96875,0.8425539219962727,0.9944622826374491,1.0,30.99656661158894,0.0,0.9969289906499701,1.0,0.0019507062187500424,0.0025920423171749032,0.062422599000001355,1.0,0.8928172849426366,1.0,1.0,30.99656661158894,0.0,1.0,1.0,0.00641171146875763,0.00641171146875763,0.20517476700024417
park_12x12,SQA,0,27,22,2,1.0,2.644966333797298,2.644966333797298,False,5,0,32,0.0,0.0,0.1071827150573635,1.0,31.00059678135396,0.00403016976502002,0.9637556543091721,0.9964672353701566,0.0843540633750024,inf,2.6993300280000767,1.0,0.8928172849426366,1.0,1.0,30.99656661158894,0.0,1.0,1.0,0.09259206490625616,0.09259206490625616,2.962946077000197
park_12x12,SQA,1,27,22,2,1.0,2.644966333797298,2.644966333797298,False,5,0,32,0.0,0.0,0.1071827150573635,1.0,31.01413225299532,0.017565641406381616,0.9605150266842208,0.9846023169545886,0.08281863099999498,inf,2.6501961919998394,1.0,0.8928172849426366,1.0,1.0,30.99656661158894,0.0,1.0,1.0,0.09221927409375041,0.09221927409375041,2.9510167710000133
park_12x12,SQA,2,27,22,2,1.0,2.644966333797298,2.644966333797298,False,5,0,32,0.0,0.0,0.1071827150573635,1.0,31.00184110919405,0.005274497605110895,0.960382752846187,0.9953764829607774,0.08696392349999371,inf,2.7828455519997988,1.0,0.8928172849426366,1.0,1.0,30.99656661158894,0.0,1.0,1.0,0.09714011587499272,0.09714011587499272,3.108483707999767
park_12x12,SA,0,27,22,2,3.0,7.934899001391894,2.644966333797298,False,5,0,32,0.0,0.0,0.1071827150573635,1.0,31.028261756115214,0.03169514452627453,0.9050949908268207,0.9722166826588649,0.00240700296873797,inf,0.07702409499961504,1.0,0.8928172849426366,1.0,1.0,30.99656661158894,0.0,1.0,1.0,0.014805718687497915,0.014805718687497915,0.4737829979999333
park_12x12,SA,1,27,22,2,3.0,7.934899001391894,2.644966333797298,False,5,0,32,0.0,0.0,0.1071827150573635,1.0,31.040248733428683,0.04368212183974407,0.9074662044086281,0.9617091427930967,0.003101330937496982,inf,0.09924258999990343,1.0,0.8928172849426366,1.0,1.0,30.99656661158894,0.0,1.0,1.0,0.013882871625000348,0.013882871625000348,0.44425189200001114
park_12x12,SA,2,27,22,2,3.0,7.934899001391894,2.644966333797298,False,5,0,32,0.0,0.0,0.1071827150573635,1.0,31.049779208899988,0.05321259731104888,0.9036342754438949,0.9533549223473858,0.002355550187502331,inf,0.07537760600007459,1.0,0.8928172849426366,1.0,1.0,30.99656661158894,0.0,1.0,1.0,0.01518683990624936,0.01518683990624936,0.48597887699997955
park_12x12,Tabu,0,27,22,2,3.0,7.934899001391894,2.644966333797298,False,5,0,32,0.96875,0.8425539219962727,0.9944622826374491,1.0,30.99656661158894,0.0,0.9999988423649255,1.0,0.0019253726562453721,0.0025583798079637636,0.06161192499985191,1.0,0.8928172849426366,1.0,1.0,30.99656661158894,0.0,1.0,1.0,0.0064721734062374026,0.0064721734062374026,0.20710954899959688
park_12x12,Tabu,1,27,22,2,3.0,7.934899001391894,2.644966333797298,False,5,0,32,0.96875,0.8425539219962727,0.9944622826374491,1.0,30.99656661158894,0.0,0.9969289906499701,1.0,0.0020546448437528397,0.002730152972591205,0.06574863500009087,1.0,0.8928172849426366,1.0,1.0,30.99656661158894,0.0,1.0,1.0,0.006492711468752077,0.006492711468752077,0.20776676700006647
park_12x12,Tabu,2,27,22,2,3.0,7.934899001391894,2.644966333797298,False,5,0,32,0.96875,0.8425539219962727,0.9944622826374491,1.0,30.99656661158894,0.0,0.9969289906499701,1.0,0.0019298295937488774,0.0025643020583277836,0.06175454699996408,1.0,0.8928172849426366,1.0,1.0,30.99656661158894,0.0,1.0,1.0,0.006619326906260881,0.006619326906260881,0.21181846100034818
park_12x12,SQA,0,27,22,2,3.0,7.934899001391894,2.644966333797298,False,5,0,32,0.03125,0.005537717362550945,0.15744607800372734,1.0,30.99656661158894,0.0,0.9586967274670384,1.0,0.08338955390625813,12.095711253005533,2.66846572500026,1.0,0.8928172849426366,1.0,1.0,30.99656661158894,0.0,1.0,1.0,0.09169823915625841,0.09169823915625841,2.934343653000269
park_12x12,SQA,1,27,22,2,3.0,7.934899001391894,2.644966333797298,False,5,0,32,0.0,0.0,0.1071827150573635,1.0,31.00059678135396,0.00403016976502002,0.9624516350508362,0.9964672353701566,0.08277791678125368,inf,2.6488933370001178,1.0,0.8928172849426366,1.0,1.0,30.99656661158894,0.0,1.0,1.0,0.09109556753125503,0.09109556753125503,2.915058161000161
park_12x12,SQA,2,27,22,2,3.0,7.934899001391894,2.644966333797298,False,5,0,32,0.0,0.0,0.1071827150573635,1.0,31.011975546492376,0.0154089349034372,0.961060377567142,0.9864928418939313,0.08267084646875844,inf,2.64546708700027,1.0,0.8928172849426366,1.0,1.0,30.99656661158894,0.0,1.0,1.0,0.09138584668751548,0.09138584668751548,2.9243470940004954
park_14x14,SA,0,32,27,2,0.01,0.030299421928354088,3.0299421928354087,False,5,0,32,0.0,0.0,0.1071827150573635,1.0,31.02560090757715,0.007187221937666521,0.9699099614449915,0.9938978251368988,0.003651618406252055,inf,0.11685178900006576,0.6875,0.514330003019676,0.8204764788338126,1.0,31.018413685639484,0.0,0.9996244923680768,1.0,0.024787108843753458,0.09813762212241865,0.7931874830001107
park_14x14,SA,1,32,27,2,0.01,0.030299421928354088,3.0299421928354087,False,5,0,32,0.0,0.0,0.1071827150573635,1.0,31.029634677855444,0.011220992215960734,0.9690330571220993,0.9904730287678412,0.0039054564687575066,inf,0.12497460700024021,0.8125,0.6469050424507756,0.9111057606383721,1.0,31.018413685639484,0.0,0.9997746954208462,1.0,0.0253370598437499,0.06970317517796606,0.8107859149999967
park_14x14,SA,2,32,27,2,0.01,0.030299421928354088,3.0299421928354087,False,5,0,32,0.0,0.0,0.1071827150573635,1.0,31.035530234008327,0.017116548368843354,0.9703450402693001,0.9854675183116269,0.003589857281241393,inf,0.11487543299972458,0.75,0.5789310822975338,0.8674775601737845,1.0,31.018413685639484,0.0,0.9996995938944615,1.0,0.023494203468743535,0.07804605456981926,0.7518145109997931
park_14x14,Tabu,0,32,27,2,0.01,0.030299421928354088,3.0299421928354087,False,5,0,32,0.9375,0.7985253275199642,0.9826897968048427,1.0,31.018413685639484,0.0,0.9999892218579913,1.0,0.0035865088750028917,0.005957062297217487,0.11476828400009254,1.0,0.8928172849426366,1.0,1.0,31.018413685639484,0.0,1.0,1.0,0.010290006375015537,0.010290006375015537,0.3292802040004972
park_14x14,Tabu,1,32,27,2,0.01,0.030299421928354088,3.0299421928354087,False,5,0,32,0.96875,0.8425539219962727,0.9944622826374491,1.0,31.018413685639484,0.0,0.9999946109289957,1.0,0.0033435237500043513,0.004442778192425041,0.10699276000013924,1.0,0.8928172849426366,1.0,1.0,31.018413685639484,0.0,1.0,1.0,0.009922323687504786,0.009922323687504786,0.31751435800015315
park_14x14,Tabu,2,32,27,2,0.01,0.030299421928354088,3.0299421928354087,False,5,0,32,0.9375,0.7985253275199642,0.9826897968048427,1.0,31.018413685639484,0.0,0.999963815231198,1.0,0.003695839624995756,0.006138656742235686,0.11826686799986419,1.0,0.8928172849426366,1.0,1.0,31.018413685639484,0.0,1.0,1.0,0.010534113374987442,0.010534113374987442,0.33709162799959813
park_14x14,SQA,0,32,27,2,0.01,0.030299421928354088,3.0299421928354087,False,5,0,32,0.0,0.0,0.1071827150573635,1.0,31.020131465218,0.0017177795785165983,0.9881723818415828,0.9985415517351095,0.13764984378126144,inf,4.404795001000366,0.75,0.5789310822975338,0.8674775601737845,1.0,31.018413685639484,0.0,0.9996995938944615,1.0,0.15526699753125683,0.5157858013078888,4.968543921000219
park_14x14,SQA,1,32,27,2,0.01,0.030299421928354088,3.0299421928354087,False,5,0,32,0.0,0.0,0.1071827150573635,1.0,31.02408075989799,0.005667074258507654,0.9872739828595284,0.9951884777752082,0.13735219496874151,inf,4.3952702389997285,0.65625,0.4831077350878594,0.7958976664567146,1.0,31.018413685639484,0.0,0.9995869416048845,1.0,0.1537678832499978,0.6631394719495625,4.920572263999929
park_14x14,SQA,2,32,27,2,0.01,0.030299421928354088,3.0299421928354087,False,5,0,32,0.0,0.0,0.1071827150573635,1.0,31.024433164355173,0.00601947871568953,0.9877130626521831,0.9948892754354294,0.13951635175000376,inf,4.4645232560001205,0.84375,0.6824550744643347,0.9313568089337279,1.0,31.018413685639484,0.0,0.9998122461840384,1.0,0.1566307015625057,0.388575024478681,5.012182450000182
park_14x14,SA,0,32,27,2,0.03,0.09089826578506226,3.0299421928354087,False,5,0,32,0.0,0.0,0.1071827150573635,1.0,31.035561585169297,0.01714789952981377,0.9610431246307063,0.9854409002013109,0.003717277156241039,inf,0.11895286899971325,0.75,0.5789310822975338,0.8674775601737845,1.0,31.018413685639484,0.0,0.9996995938944615,1.0,0.026411316374989724,0.08773649388903701,0.8451621239996712
park_14x14,SA,1,32,27,2,0.03,0.09089826578506226,3.0299421928354087,False,5,0,32,0.0,0.0,0.1071827150573635,1.0,31.037272324821895,0.018858639182411707,0.9604184590044318,0.9839884290523843,0.003836464000002593,inf,0.12276684800008297,0.75,0.5789310822975338,0.8674775601737845,1.0,31.018413685639484,0.0,0.9996995938944615,1.0,0.025875426062498263,0.08595630480419365,0.8280136339999444
park_14x14,SA,2,32,27,2,0.03,0.09089826578506226,3.0299421928354087,False,5,0,32,0.0,0.0,0.1071827150573635,1.0,31.037720239265713,0.019306553626229572,0.9641787586276471,0.9836081357647147,0.0034321989999881453,inf,0.10983036799962065,0.625,0.45254100589525126,0.7706633153404079,1.0,31.018413685639484,0.0,0.9995493908416921,1.0,0.023562878249975938,0.110631961760585,0.75401210399923
park_14x14,Tabu,0,32,27,2,0.03,0.09089826578506226,3.0299421928354087,False,5,0,32,1.0,0.8928172849426366,1.0,1.0,31.018413685639484,0.0,1.0,1.0,0.003706662593742749,0.003706662593742749,0.11861320299976796,1.0,0.8928172849426366,1.0,1.0,31.018413685639484,0.0,1.0,1.0,0.010128056968738974,0.010128056968738974,0.3240978229996472
park_14x14,Tabu,1,32,27,2,0.03,0.09089826578506226,3.0299421928354087,False,5,0,32,0.9375,0.7985253275199642,0.9826897968048427,1.0,31.018413685639484,0.0,0.999959217957495,1.0,0.0035430515937520113,0.005884881315460126,0.11337765100006436,1.0,0.8928172849426366,1.0,1.0,31.018413685639484,0.0,1.0,1.0,0.0104080654375025,0.0104080654375025,0.33305809400008
park_14x14,Tabu,2,32,27,2,0.03,0.09089826578506226,3.0299421928354087,False,5,0,32,1.0,0.8928172849426366,1.0,1.0,31.018413685639484,0.0,1.0,1.0,0.0037043774062510693,0.0037043774062510693,0.11854007700003422,1.0,0.8928172849426366,1.0,1.0,31.018413685639484,0.0,1.0,1.0,0.010504649031247482,0.010504649031247482,0.3361487689999194
park_14x14,SQA,0,32,27,2,0.03,0.09089826578506226,3.0299421928354087,False,5,0,32,0.0,0.0,0.1071827150573635,1.0,31.019828974712887,0.0014152890734031587,0.9820619585557523,0.9987983755778458,0.13215800043749937,inf,4.22905601399998,0.59375,0.4225972657298823,0.744805975196862,1.0,31.018413685639484,0.0,0.9995118400784999,1.0,0.1503086515312475,0.7684361231970854,4.80987684899992
park_14x14,SQA,1,32,27,2,0.03,0.09089826578506226,3.0299421928354087,False,5,0,32,0.0,0.0,0.1071827150573635,1.0,31.019601552140344,0.001187866500860224,0.981741827736887,0.9989914644121004,0.1312870324374984,inf,4.201185037999949,0.625,0.45254100589525126,0.7706633153404079,1.0,31.018413685639484,0.0,0.9995493908416921,1.0,0.14968266978124234,0.7027871223447664,4.789845432999755
park_14x14,SQA,2,32,27,2,0.03,0.09089826578506226,3.0299421928354087,False,5,0,32,0.0,0.0,0.1071827150573635,1.0,31.024428137114008,0.006014451474523952,0.9824941699689658,0.9948935437194669,0.13449268028124095,inf,4.30376576899971,0.71875,0.546251630618882,0.8443559315435214,1.0,31.018413685639484,0.0,0.9996620431312692,1.0,0.15183694518749746,0.5512248563121614,4.858782245999919
park_14x14,SA,0,32,27,2,0.1,0.30299421928354087,3.0299421928354087,False,5,0,32,0.0,0.0,0.1071827150573635,1.0,31.031499132056396,0.01308544641691256,0.949441649430127,0.9888900491886485,0.0032981254062605103,inf,0.10554001300033633,0.75,0.5789310822975338,0.8674775601737845,1.0,31.018413685639484,0.0,0.9996995938944614,1.0,0.024258198250009855,0.08058399029805519,0.7762623440003154
park_14x14,SA,1,32,27,2,0.1,0.30299421928354087,3.0299421928354087,False,5,0,32,0.0,0.0,0.1071827150573635,1.0,31.035079567148212,0.01666588150872883,0.9589557539955933,0.9858501484863,0.0033291329375089163,inf,0.10653225400028532,0.71875,0.546251630618882,0.8443559315435214,1.0,31.018413685639484,0.0,0.9996620431312692,1.0,0.025033916156246505,0.0908824714506568,0.8010853169998882
park_14x14,SA,2,32,27,2,0.1,0.30299421928354087,3.0299421928354087,False,5,0,32,0.0,0.0,0.1071827150573635,1.0,31.029179151465716,0.010765465826231946,0.9528505367702145,0.990859784834231,0.0034149975625012985,inf,0.10927992200004155,0.78125,0.6124466920955516,0.8897630306846815,1.0,31.018413685639484,0.0,0.9997371446576538,1.0,0.024799055281249593,0.07514273905447098,0.793569768999987
park_14x14,Tabu,0,32,27,2,0.1,0.30299421928354087,3.0299421928354087,False,5,0,32,0.96875,0.8425539219962727,0.9944622826374491,1.0,31.018413685639484,0.0,0.9999946109289957,1.0,0.0034606419062441773,0.004598401429878835,0.11074054099981367,1.0,0.8928172849426366,1.0,1.0,31.018413685639484,0.0,1.0,1.0,0.010831491124989157,0.010831491124989157,0.346607715999653
park_14x14,Tabu,1,32,27,2,0.1,0.30299421928354087,3.0299421928354087,False,5,0,32,0.90625,0.7578150066422116,0.9675990373736805,1.0,31.018413685639484,0.0,0.9949818591527764,1.0,0.00399921218749455,0.007780351065462393,0.1279747899998256,1.0,0.8928172849426366,1.0,1.0,31.018413685639484,0.0,1.0,1.0,0.011469955093744488,0.011469955093744488,0.3670385629998236
park_14x14,Tabu,2,32,27,2,0.1,0.30299421928354087,3.0299421928354087,False,5,0,32,0.84375,0.6824550744643347,0.9313568089337279,1.0,31.018413685639484,0.0,0.9949456743839744,1.0,0.0036214657187514376,0.008984261171498208,0.115886903000046,1.0,0.8928172849426366,1.0,1.0,31.018413685639484,0.0,1.0,1.0,0.011142214000003037,0.011142214000003037,0.3565508480000972
park_14x14,SQA,0,32,27,2,0.1,0.30299421928354087,3.0299421928354087,False,5,0,32,0.0,0.0,0.1071827150573635,1.0,31.024428137114008,0.006014451474523952,0.9800914826866441,0.9948935437194669,0.12768134253124686,inf,4.085802960999899,0.78125,0.6124466920955516,0.8897630306846815,1.0,31.018413685639484,0.0,0.9997371446576537,1.0,0.14650697878124674,0.44392560730093333,4.688223320999896
park_14x14,SQA,1,32,27,2,0.1,0.30299421928354087,3.0299421928354087,False,5,0,32,0.0,0.0,0.1071827150573635,1.0,31.02678270117613,0.008369015536647595,0.9797527777929752,0.9928944456314904,0.12874654856250345,inf,4.11988955400011,0.75,0.5789310822975338,0.8674775601737845,1.0,31.018413685639484,0.0,0.9996995938944615,1.0,0.14837740365625507,0.4928990658521565,4.748076917000162
park_14x14,SQA,2,32,27,2,0.1,0.30299421928354087,3.0299421928354087,False,5,0,32,0.0,0.0,0.1071827150573635,1.0,31.02746759342562,0.009053907786135795,0.9804119596654133,0.9923129508195858,0.1287722137812466,inf,4.120710840999891,0.75,0.5789310822975338,0.8674775601737845,1.0,31.018413685639484,0.0,0.9996995938944615,1.0,0.1468293269374925,0.48775646630705816,4.69853846199976
park_14x14,SA,0,32,27,2,0.3,0.9089826578506226,3.0299421928354087,False,5,0,32,0.0,0.0,0.1071827150573635,1.0,31.04325878656979,0.024845100930306785,0.9460105307191042,0.9789057369199102,0.0032501710937538064,inf,0.1040054750001218,0.75,0.5789310822975338,0.8674775601737845,1.0,31.018413685639484,0.0,0.9996995938944615,1.0,0.028679611500010083,0.09527160719233818,0.9177475680003226
park_14x14,SA,1,32,27,2,0.3,0.9089826578506226,3.0299421928354087,False,5,0,32,0.0,0.0,0.1071827150573635,1.0,31.0479005308052,0.029486845165717313,0.94811848346618,0.9749647517604255,0.003218148031251644,inf,0.10298073700005261,0.84375,0.6824550744643347,0.9313568089337279,1.0,31.018413685639484,0.0,0.9998122461840384,1.0,0.025065380062514464,0.0621830878250405,0.8020921620004628
park_14x14,SA,2,32,27,2,0.3,0.9089826578506226,3.0299421928354087,False,5,0,32,0.0,0.0,0.1071827150573635,1.0,31.045270216459404,0.02685653081992001,0.9478981546993845,0.9771979704118298,0.0031946846562505016,inf,0.10222990900001605,0.84375,0.6824550744643347,0.9313568089337279,1.0,31.018413685639484,0.0,0.9998122461840384,1.0,0.0251036123437558,0.06227793583038701,0.8033155950001856
park_14x14,Tabu,0,32,27,2,0.3,0.9089826578506226,3.0299421928354087,False,5,0,32,0.96875,0.8425539219962727,0.9944622826374491,1.0,31.018413685639484,0.0,0.9999946109289957,1.0,0.0034571087187487137,0.004593706631956561,0.11062747899995884,1.0,0.8928172849426366,1.0,1.0,31.018413685639484,0.0,1.0,1.0,0.009984489499998972,0.009984489499998972,0.3195036639999671
park_14x14,Tabu,1,32,27,2,0.3,0.9089826578506226,3.0299421928354087,False,5,0,32,0.90625,0.7578150066422116,0.9675990373736805,1.0,31.018413685639484,0.0,0.9949818591527764,1.0,0.0034987520312483866,0.006806720378386823,0.11196006499994837,1.0,0.8928172849426366,1.0,1.0,31.018413685639484,0.0,1.0,1.0,0.010588779624995937,0.010588779624995937,0.33884094799986997
park_14x14,Tabu,2,32,27,2,0.3,0.9089826578506226,3.0299421928354087,False,5,0,32,0.84375,0.6824550744643347,0.9313568089337279,1.0,31.018413685639484,0.0,0.9949456743839744,1.0,0.003445941343755976,0.00854881404887105,0.11027012300019123,1.0,0.8928172849426366,1.0,1.0,31.018413685639484,0.0,1.0,1.0,0.010786111656258868,0.010786111656258868,0.34515557300028377
park_14x14,SQA,0,32,27,2,0.3,0.9089826578506226,3.0299421928354087,False,5,0,32,0.0,0.0,0.1071827150573635,1.0,31.03373749015611,0.015323804516626183,0.9783887091371768,0.9869896135753959,0.1233679407187509,inf,3.947774103000029,0.8125,0.6469050424507756,0.9111057606383721,1.0,31.018413685639484,0.0,0.9997746954208461,1.0,0.14173210615624043,0.38991019023809464,4.535427396999694
park_14x14,SQA,1,32,27,2,0.3,0.9089826578506226,3.0299421928354087,False,5,0,32,0.0,0.0,0.1071827150573635,1.0,31.018616799841695,0.00020311420221119647,0.9784051269810814,0.9998275497278613,0.12263653296874111,inf,3.9243690549997154,0.59375,0.4225972657298823,0.744805975196862,1.0,31.018413685639484,0.0,0.9995118400784999,1.0,0.14128927271873692,0.7223255605799316,4.521256726999582
park_14x14,SQA,2,32,27,2,0.3,0.9089826578506226,3.0299421928354087,False,5,0,32,0.0,0.0,0.1071827150573635,1.0,31.018616799841695,0.00020311420221119647,0.9807464053059411,0.9998275497278613,0.12379314065624669,inf,3.961380500999894,0.71875,0.546251630618882,0.8443559315435214,1.0,31.018413685639484,0.0,0.9996620431312692,1.0,0.14148527053124837,0.513644408629057,4.527528656999948
park_14x14,SA,0,32,27,2,1.0,3.0299421928354087,3.0299421928354087,False,5,0,32,0.0,0.0,0.1071827150573635,1.0,31.03577322073388,0.01735953509439625,0.948542499923818,0.9852612150276049,0.0031417126250090632,inf,0.10053480400029002,0.78125,0.6124466920955516,0.8897630306846815,1.0,31.018413685639484,0.0,0.9997371446576538,1.0,0.02386855650000541,0.07232326765459064,0.7637938080001732
park_14x14,SA,1,32,27,2,1.0,3.0299421928354087,3.0299421928354087,False,5,0,32,0.0,0.0,0.1071827150573635,1.0,31.046714172897445,0.02830048725796175,0.9502225872121988,0.9759720065058798,0.0031430348750092207,inf,0.10057711600029506,0.6875,0.514330003019676,0.8204764788338126,1.0,31.018413685639484,0.0,0.9996244923680768,1.0,0.02507856318750612,0.0992915540486241,0.8025140220001958
park_14x14,SA,2,32,27,2,1.0,3.0299421928354087,3.0299421928354087,False,5,0,32,0.0,0.0,0.1071827150573635,1.0,31.05470448360929,0.036290797969805055,0.9425763390254709,0.9691879843068925,0.0033866405937459376,inf,0.10837249899987,0.78125,0.6124466920955516,0.8897630306846815,1.0,31.018413685639484,0.0,0.9997371446576538,1.0,0.02831466106249536,0.08579525161361994,0.9060691539998516
park_14x14,Tabu,0,32,27,2,1.0,3.0299421928354087,3.0299421928354087,False,5,0,32,0.96875,0.8425539219962727,0.9944622826374491,1.0,31.018413685639484,0.0,0.9999946109289957,1.0,0.003460286781248101,0.00459792954999817,0.11072917699993923,1.0,0.8928172849426366,1.0,1.0,31.018413685639484,0.0,1.0,1.0,0.011752647531253047,0.011752647531253047,0.3760847210000975
park_14x14,Tabu,1,32,27,2,1.0,3.0299421928354087,3.0299421928354087,False,5,0,32,0.90625,0.7578150066422116,0.9675990373736805,1.0,31.018413685639484,0.0,0.9949818591527764,1.0,0.003504147656258283,0.006817217410008664,0.11213272500026505,1.0,0.8928172849426366,1.0,1.0,31.018413685639484,0.0,1.0,1.0,0.010656970718756043,0.010656970718756043,0.34102306300019336
park_14x14,Tabu,2,32,27,2,1.0,3.0299421928354087,3.0299421928354087,False,5,0,32,0.84375,0.6824550744643347,0.9313568089337279,1.0,31.018413685639484,0.0,0.9949456743839744,1.0,0.0035056578749959044,0.008696960947000577,0.11218105199986894,1.0,0.8928172849426366,1.0,1.0,31.018413685639484,0.0,1.0,1.0,0.011274300968750595,0.011274300968750595,0.36077763100001903
park_14x14,SQA,0,32,27,2,1.0,3.0299421928354087,3.0299421928354087,False,5,0,32,0.0,0.0,0.1071827150573635,1.0,31.028863602679476,0.010449917039991874,0.976912655228622,0.9911276955636026,0.11849387593748872,inf,3.791804029999639,0.65625,0.4831077350878594,0.7958976664567146,1.0,31.018413685639484,0.0,0.9995869416048845,1.0,0.13839565037498858,0.5968451705911579,4.4286608119996345
park_14x14,SQA,1,32,27,2,1.0,3.0299421928354087,3.0299421928354087,False,5,0,32,0.0,0.0,0.1071827150573635,1.0,31.033984803028847,0.015571117389363565,0.977500235745022,0.986779637257922,0.11641669662500931,inf,3.725334292000298,0.8125,0.6469050424507756,0.9111057606383721,1.0,31.018413685639484,0.0,0.9997746954208462,1.0,0.1359344104062501,0.37396051790112006,4.349901133000003
park_14x14,SQA,2,32,27,2,1.0,3.0299421928354087,3.0299421928354087,False,5,0,32,0.0,0.0,0.1071827150573635,1.0,31.02752586956118,0.009112183921697437,0.9772643993492636,0.992263472568792,0.11811468918749313,inf,3.77967005399978,0.84375,0.6824550744643347,0.9313568089337279,1.0,31.018413685639484,0.0,0.9998122461840384,1.0,0.13806607321873798,0.3425192331098451,4.4181143429996155
park_14x14,SA,0,32,27,2,3.0,9.089826578506226,3.0299421928354087,False,5,0,32,0.0,0.0,0.1071827150573635,1.0,31.04107115024017,0.022657464600687405,0.9487661555615108,0.9807631081735027,0.0038158833750117083,inf,0.12210826800037466,0.78125,0.6124466920955516,0.8897630306846815,1.0,31.018413685639484,0.0,0.9997371446576537,1.0,0.025946531906271275,0.07861966733368263,0.8302890210006808
park_14x14,SA,1,32,27,2,3.0,9.089826578506226,3.0299421928354087,False,5,0,32,0.0,0.0,0.1071827150573635,1.0,31.039468215478518,0.02105452983903433,0.949304436479439,0.9821240496185537,0.0030108058125080106,inf,0.09634578600025634,0.65625,0.4831077350878594,0.7958976664567146,1.0,31.018413685639484,0.0,0.9995869416048845,1.0,0.02635533156251313,0.11366001980404347,0.8433706100004201
park_14x14,SA,2,32,27,2,3.0,9.089826578506226,3.0299421928354087,False,5,0,32,0.0,0.0,0.1071827150573635,1.0,31.047911342801914,0.029497657162430357,0.9426503119325709,0.9749555720390902,0.003028130156252473,inf,0.09690016500007914,0.90625,0.7578150066422116,0.9675990373736805,1.0,31.018413685639484,0.0,0.9998873477104231,1.0,0.025990566000004378,0.05056389068387742,0.8316981120001401
park_14x14,Tabu,0,32,27,2,3.0,9.089826578506226,3.0299421928354087,False,5,0,32,1.0,0.8928172849426366,1.0,1.0,31.018413685639484,0.0,1.0,1.0,0.0056617732500114926,0.0056617732500114926,0.18117674400036776,1.0,0.8928172849426366,1.0,1.0,31.018413685639484,0.0,1.0,1.0,0.012315792250021218,0.012315792250021218,0.394105352000679
park_14x14,Tabu,1,32,27,2,3.0,9.089826578506226,3.0299421928354087,False,5,0,32,0.9375,0.7985253275199642,0.9826897968048427,1.0,31.018413685639484,0.0,0.9949872482237807,1.0,0.00410355090625103,0.006815850522137896,0.13131362900003296,1.0,0.8928172849426366,1.0,1.0,31.018413685639484,0.0,1.0,1.0,0.01148396015625508,0.01148396015625508,0.36748672500016255
park_14x14,Tabu,2,32,27,2,3.0,9.089826578506226,3.0299421928354087,False,5,0,32,0.90625,0.7578150066422116,0.9675990373736805,1.0,31.018413685639484,0.0,0.9949818591527764,1.0,0.004200227468757589,0.00817142045223802,0.13440727900024285,1.0,0.8928172849426366,1.0,1.0,31.018413685639484,0.0,1.0,1.0,0.01184030759375787,0.01184030759375787,0.37888984300025186
park_14x14,SQA,0,32,27,2,3.0,9.089826578506226,3.0299421928354087,False,5,0,32,0.0,0.0,0.1071827150573635,1.0,31.02831982716638,0.009906141526897727,0.9773156630438962,0.9915893778792388,0.11732344190625099,inf,3.7543501410000317,0.84375,0.6824550744643347,0.9313568089337279,1.0,31.018413685639484,0.0,0.9998122461840384,1.0,0.13732490134376008,0.34068050751780327,4.394396843000322
park_14x14,SQA,1,32,27,2,3.0,9.089826578506226,3.0299421928354087,False,5,0,32,0.0,0.0,0.1071827150573635,1.0,31.02560090757715,0.007187221937666521,0.9764869318229066,0.9938978251368988,0.11136603921875121,inf,3.5637132550000388,0.75,0.5789310822975338,0.8674775601737845,1.0,31.018413685639484,0.0,0.9996995938944615,1.0,0.13123684131250002,0.4359593502402683,4.199578922000001
park_14x14,SQA,2,32,27,2,3.0,9.089826578506226,3.0299421928354087,False,5,0,32,0.0,0.0,0.1071827150573635,1.0,31.03319880928431,0.014785123644827536,0.976708997456309,0.9874469703821889,0.11423766037499661,inf,3.6556051319998915,0.84375,0.6824550744643347,0.9313568089337279,1.0,31.018413685639484,0.0,0.9998122461840384,1.0,0.13557226787499133,0.33633251197009006,4.338312571999722
mix_8x8_equity,SA,0,46,30,2,0.01,0.05119309554386432,5.119309554386432,False,16,0,32,0.0,0.0,0.1071827150573635,0.0625,30.428884311159393,0.020418436754713554,0.061246291634152544,0.9799406661464407,0.005950764593748659,inf,0.19042446699995708,0.375,0.2293366846595921,0.5474589941047487,0.8125,30.40846587440468,0.0,0.7731308522002314,1.0,0.024605668437502004,0.2410902462105201,0.7873813900000641
mix_8x8_equity,SA,1,46,30,2,0.01,0.05119309554386432,5.119309554386432,False,16,0,32,0.03125,0.005537717362550945,0.15744607800372734,0.15625,30.40846587440468,0.0,0.14661361340506043,1.0,0.005682481750000079,0.8242478251621427,0.18183941600000253,0.375,0.2293366846595921,0.5474589941047487,0.8125,30.40846587440468,0.0,0.7857320857480015,1.0,0.020919796625008757,0.20497548895320306,0.6694334920002802
mix_8x8_equity,SA,2,46,30,2,0.01,0.05119309554386432,5.119309554386432,False,16,0,32,0.0,0.0,0.1071827150573635,0.09375,30.4259429865803,0.017477112175619425,0.08310036737138811,0.9828302610949917,0.005844821812502232,inf,0.18703429800007143,0.5,0.33630614316859386,0.6636938568314061,0.8125,30.40846587440468,0.0,0.7797640477170336,1.0,0.0213337580624966,0.14173842055467445,0.6826802579998912
mix_8x8_equity,Tabu,0,46,30,2,0.01,0.05119309554386432,5.119309554386432,False,16,0,32,0.0,0.0,0.1071827150573635,0.21875,30.460270004696376,0.05180413029169628,0.20685755574189435,0.9491069587256952,0.006400767000002361,inf,0.20482454400007555,0.3125,0.17952352116618736,0.4856699969803239,0.84375,30.40846587440468,0.0,0.80269677032092,1.0,0.02138693465626318,0.2628561401207501,0.6843819090004217
mix_8x8_equity,Tabu,1,46,30,2,0.01,0.05119309554386432,5.119309554386432,False,16,0,32,0.03125,0.005537717362550945,0.15744607800372734,0.1875,30.40846587440468,0.0,0.17892702196488283,1.0,0.007581440906250236,1.0996931364666458,0.24260610900000756,0.59375,0.4225972657298823,0.744805975196862,0.875,30.40846587440468,0.0,0.8571207808115572,1.0,0.023106595656244622,0.11812987878928558,0.7394110609998279
mix_8x8_equity,Tabu,2,46,30,2,0.01,0.05119309554386432,5.119309554386432,False,16,0,32,0.0,0.0,0.1071827150573635,0.1875,30.46488248047076,0.056416606066079567,0.17709260897969595,0.9445756034333538,0.006744757406252688,inf,0.21583223700008602,0.5,0.33630614316859386,0.6636938568314061,0.84375,30.40846587440468,0.0,0.8191232907298865,1.0,0.021549715406251835,0.14317321008970998,0.6895908930000587
mix_8x8_equity,SQA,0,46,30,2,0.01,0.05119309554386432,5.119309554386432,False,16,0,32,0.0,0.0,0.1071827150573635,0.0,,,0.0,0.0,0.21060436575000097,inf,6.739339704000031,0.21875,0.11023696931531854,0.3875533079044484,1.0,30.40846587440468,0.0,0.9566996901823076,1.0,0.22997637334374588,4.290204989314041,7.359243946999868
mix_8x8_equity,SQA,1,46,30,2,0.01,0.05119309554386432,5.119309554386432,False,16,0,32,0.0,0.0,0.1071827150573635,0.0,,,0.0,0.0,0.21093584312500013,inf,6.749946980000004,0.34375,0.20410233354328552,0.5168922649121406,0.96875,30.40846587440468,0.0,0.9341097521458461,1.0,0.22965243931250257,2.510813766292567,7.348878058000082
mix_8x8_equity,SQA,2,46,30,2,0.01,0.05119309554386432,5.119309554386432,False,16,0,32,0.0,0.0,0.1071827150573635,0.0,,,0.0,0.0,0.21360744987499913,inf,6.835438395999972,0.3125,0.17952352116618736,0.4856699969803239,0.96875,30.40846587440468,0.0,0.9323777397531384,1.0,0.23256278590625357,2.8583131347036717,7.442009149000114
mix_8x8_equity,SA,0,46,30,2,0.03,0.15357928663159295,5.119309554386432,False,16,0,32,0.0,0.0,0.1071827150573635,0.71875,30.458437069725942,0.049971195321262485,0.5809519819694255,0.9509076575228402,0.006097607468760202,inf,0.19512343900032647,0.0625,0.017310203195157234,0.2014746724800358,0.90625,30.40846587440468,0.0,0.8000738756675762,1.0,0.021696518625020644,1.548163158227592,0.6942885960006606
mix_8x8_equity,SA,1,46,30,2,0.03,0.15357928663159295,5.119309554386432,False,16,0,32,0.0,0.0,0.1071827150573635,0.84375,30.458437069725942,0.049971195321262485,0.6781459879890965,0.9509076575228402,0.005286518624998848,inf,0.16916859599996315,0.09375,0.032400962626319516,0.24218499335778831,0.96875,30.40846587440468,0.0,0.8619094603127639,1.0,0.01915382771875329,0.896043997501799,0.6129224870001053
mix_8x8_equity,SA,2,46,30,2,0.03,0.15357928663159295,5.119309554386432,False,16,0,32,0.0,0.0,0.1071827150573635,0.75,30.46915215447999,0.060686280075309185,0.5992954760502649,0.9403810209868191,0.006244501156245974,inf,0.19982403699987117,0.09375,0.032400962626319516,0.24218499335778831,0.90625,30.40846587440468,0.0,0.8121376159709631,1.0,0.022107473437500857,1.0342198522652513,0.7074391500000274
mix_8x8_equity,Tabu,0,46,30,2,0.03,0.15357928663159295,5.119309554386432,False,16,0,32,0.0,0.0,0.1071827150573635,1.0,30.49753973318372,0.08907385877904161,0.827917498670814,0.9124926999878618,0.006704277281258442,inf,0.21453687300027013,0.0,0.0,0.1071827150573635,1.0,30.46488248047076,0.056416606066079567,0.8468744302537516,0.9445756034333538,0.020664088687510684,inf,0.6612508380003419
mix_8x8_equity,Tabu,1,46,30,2,0.03,0.15357928663159295,5.119309554386432,False,16,0,32,0.0,0.0,0.1071827150573635,0.96875,30.528216847676923,0.11975097327224304,0.7976638833110405,0.8823551096975114,0.006337817437497506,inf,0.2028101579999202,0.0,0.0,0.1071827150573635,1.0,30.458437069725942,0.049971195321262485,0.8457444806549652,0.9509076575228402,0.019825802031249395,inf,0.6344256649999807
mix_8x8_equity,Tabu,2,46,30,2,0.03,0.15357928663159295,5.119309554386432,False,16,0,32,0.0,0.0,0.1071827150573635,0.96875,30.4863263034823,0.07786042907762081,0.7768627361724199,0.9235089169846058,0.006423458187498454,inf,0.20555066199995053,0.03125,0.005537717362550945,0.15744607800372734,1.0,30.40846587440468,0.0,0.8376989662865146,1.0,0.020698876999986737,3.002386123024069,0.6623640639995756
mix_8x8_equity,SQA,0,46,30,2,0.03,0.15357928663159295,5.119309554386432,False,16,0,32,0.03125,0.005537717362550945,0.15744607800372734,0.90625,30.40846587440468,0.0,0.8466279996976941,1.0,0.2044097330312411,29.649770171804306,6.541111456999715,0.3125,0.17952352116618736,0.4856699969803239,1.0,30.40846587440468,0.0,0.9513408004559358,1.0,0.2160164487812466,2.6549503630059377,6.912526360999891
mix_8x8_equity,SQA,1,46,30,2,0.03,0.15357928663159295,5.119309554386432,False,16,0,32,0.0,0.0,0.1071827150573635,0.9375,30.4259429865803,0.017477112175619425,0.8750621989994802,0.9828302610949917,0.20523752537499718,inf,6.56760081199991,0.3125,0.17952352116618736,0.4856699969803239,1.0,30.40846587440468,0.0,0.951508273132151,1.0,0.21732482493749217,2.671030961361159,6.954394397999749
mix_8x8_equity,SQA,2,46,30,2,0.03,0.15357928663159295,5.119309554386432,False,16,0,32,0.0625,0.017310203195157234,0.2014746724800358,0.90625,30.40846587440468,0.0,0.8397564412416154,1.0,0.2069964764062462,14.77031058270863,6.623887244999878,0.15625,0.06864319106627216,0.31754492553566527,0.9375,30.40846587440468,0.0,0.8828473546900386,1.0,0.21836686093749336,5.918906761126463,6.987739549999787
mix_8x8_equity,SA,0,46,30,2,0.1,0.5119309554386432,5.119309554386432,False,16,0,32,0.0,0.0,0.1071827150573635,1.0,30.515191389302775,0.10672551489809479,0.6446573547349177,0.8951514868766979,0.005247179687501102,inf,0.16790975000003527,0.03125,0.005537717362550945,0.15744607800372734,1.0,30.40846587440468,0.0,0.7970799432018505,1.0,0.02126394375000018,3.084349437691998,0.6804462000000058
mix_8x8_equity,SA,1,46,30,2,0.1,0.5119309554386432,5.119309554386432,False,16,0,32,0.0,0.0,0.1071827150573635,1.0,30.525856530376327,0.1173906559716471,0.6499317101625057,0.8846739156522354,0.006483817250000357,inf,0.2074821520000114,0.0625,0.017310203195157234,0.2014746724800358,1.0,30.40846587440468,0.0,0.7928455497654078,1.0,0.02321334631248817,1.6563969621710828,0.7428270819996214
mix_8x8_equity,SA,2,46,30,2,0.1,0.5119309554386432,5.119309554386432,False,16,0,32,0.0,0.0,0.1071827150573635,0.96875,30.48146683990705,0.07300096550237001,0.6557387764490938,0.9282829162567422,0.005085659062501691,inf,0.1627410900000541,0.09375,0.032400962626319516,0.24218499335778831,1.0,30.40846587440468,0.0,0.7956440339443118,1.0,0.02082548787500116,0.9742466978112656,0.6664156120000371
mix_8x8_equity,Tabu,0,46,30,2,0.1,0.5119309554386432,5.119309554386432,False,16,0,32,0.0,0.0,0.1071827150573635,1.0,30.49753973318372,0.08907385877904161,0.6874629894569818,0.9124926999878618,0.005545874281239094,inf,0.177467976999651,0.0,0.0,0.1071827150573635,1.0,30.46488248047076,0.056416606066079567,0.7173717877433757,0.9445756034333538,0.017890290124981334,inf,0.5724892839994027
mix_8x8_equity,Tabu,1,46,30,2,0.1,0.5119309554386432,5.119309554386432,False,16,0,32,0.0,0.0,0.1071827150573635,1.0,30.465229537012,0.05676366260732024,0.6736583576132613,0.9442346506410103,0.005648408593742715,inf,0.1807490749997669,0.0,0.0,0.1071827150573635,1.0,30.458437069725942,0.049971195321262485,0.6926277837091898,0.9509076575228402,0.01718303765625251,inf,0.5498572050000803
mix_8x8_equity,Tabu,2,46,30,2,0.1,0.5119309554386432,5.119309554386432,False,16,0,32,0.0,0.0,0.1071827150573635,1.0,30.534181636607524,0.12571576220284442,0.6732405722666854,0.8764952246356774,0.00562550081249924,inf,0.18001602599997568,0.0,0.0,0.1071827150573635,1.0,30.46488248047076,0.056416606066079567,0.7046903891892697,0.9445756034333538,0.018369323749993782,inf,0.587818359999801
mix_8x8_equity,SQA,0,46,30,2,0.1,0.5119309554386432,5.119309554386432,False,16,0,32,0.0,0.0,0.1071827150573635,1.0,30.460270004696376,0.05180413029169628,0.8675090390015177,0.9491069587256952,0.20092735078124235,inf,6.429675224999755,0.0625,0.017310203195157234,0.2014746724800358,1.0,30.40846587440468,0.0,0.9096063923494873,1.0,0.21481323831250165,15.328078536593448,6.874023626000053
mix_8x8_equity,SQA,1,46,30,2,0.1,0.5119309554386432,5.119309554386432,False,16,0,32,0.0,0.0,0.1071827150573635,1.0,30.444862722006512,0.03639684760183215,0.8776098706360235,0.9642432706267914,0.1966156175000009,inf,6.291699760000029,0.0625,0.017310203195157234,0.2014746724800358,1.0,30.40846587440468,0.0,0.8964127564785093,1.0,0.20947328290624512,14.947044031960484,6.703145052999844
mix_8x8_equity,SQA,2,46,30,2,0.1,0.5119309554386432,5.119309554386432,False,16,0,32,0.0625,0.017310203195157234,0.2014746724800358,1.0,30.40846587440468,0.0,0.8896754286583395,1.0,0.2003843378125083,14.298498973443596,6.412298810000266,0.0625,0.017310203195157234,0.2014746724800358,1.0,30.40846587440468,0.0,0.9217387687871843,1.0,0.21216371228125297,15.139020620932554,6.789238793000095
mix_8x8_equity,SA,0,46,30,2,0.3,1.5357928663159297,5.119309554386432,False,16,0,32,0.0,0.0,0.1071827150573635,1.0,30.548626277415522,0.14016040301084232,0.5668359932326462,0.8623046244519739,0.004962836000004245,inf,0.15881075200013584,0.03125,0.005537717362550945,0.15744607800372734,1.0,30.40846587440468,0.0,0.7658262570983021,1.0,0.022156542875009677,3.2138215451089205,0.7090093720003097
mix_8x8_equity,SA,1,46,30,2,0.3,1.5357928663159297,5.119309554386432,False,16,0,32,0.0,0.0,0.1071827150573635,1.0,30.480143983086872,0.07167810868219249,0.6480961752743265,0.929582507744336,0.004961526468747479,inf,0.15876884699991933,0.0,0.0,0.1071827150573635,1.0,30.458437069725942,0.049971195321262485,0.8017961526857053,0.9509076575228402,0.021456039781241998,inf,0.6865932729997439
mix_8x8_equity,SA,2,46,30,2,0.3,1.5357928663159297,5.119309554386432,False,16,0,32,0.0,0.0,0.1071827150573635,1.0,30.57034952518428,0.16188365077960043,0.6076717959535686,0.8409634275419552,0.004911740562505429,inf,0.15717569800017372,0.0,0.0,0.1071827150573635,1.0,30.458437069725942,0.049971195321262485,0.7927245927280784,0.9509076575228402,0.021064887531252907,inf,0.674076401000093
mix_8x8_equity,Tabu,0,46,30,2,0.3,1.5357928663159297,5.119309554386432,False,16,0,32,0.0,0.0,0.1071827150573635,1.0,30.49753973318372,0.08907385877904161,0.6859793035175501,0.9124926999878618,0.005459466656247969,inf,0.174702932999935,0.0,0.0,0.1071827150573635,1.0,30.46488248047076,0.056416606066079567,0.715057866316316,0.9445756034333538,0.0172686064062475,inf,0.55259540499992
mix_8x8_equity,Tabu,1,46,30,2,0.3,1.5357928663159297,5.119309554386432,False,16,0,32,0.0,0.0,0.1071827150573635,1.0,30.465229537012,0.05676366260732024,0.6736583576132613,0.9442346506410103,0.006444447281253929,inf,0.20622231300012572,0.0,0.0,0.1071827150573635,1.0,30.458437069725942,0.049971195321262485,0.6926277837091898,0.9509076575228402,0.018534089187511427,inf,0.5930908540003657
mix_8x8_equity,Tabu,2,46,30,2,0.3,1.5357928663159297,5.119309554386432,False,16,0,32,0.0,0.0,0.1071827150573635,1.0,30.534181636607524,0.12571576220284442,0.6876905585194355,0.8764952246356774,0.005449335874999406,inf,0.174378747999981,0.0,0.0,0.1071827150573635,1.0,30.46488248047076,0.056416606066079567,0.7202769155331195,0.9445756034333538,0.019793052781253095,inf,0.633377689000099
mix_8x8_equity,SQA,0,46,30,2,0.3,1.5357928663159297,5.119309554386432,False,16,0,32,0.0,0.0,0.1071827150573635,1.0,30.49963344703913,0.09116757263445052,0.8470181301840408,0.9104358086732133,0.193184812906253,inf,6.181914013000096,0.0,0.0,0.1071827150573635,1.0,30.458437069725942,0.049971195321262485,0.8806557571958873,0.9509076575228402,0.20680959281249045,inf,6.617906969999694
mix_8x8_equity,SQA,1,46,30,2,0.3,1.5357928663159297,5.119309554386432,False,16,0,32,0.0,0.0,0.1071827150573635,1.0,30.46488248047076,0.056416606066079567,0.8471495781065657,0.9445756034333538,0.19196915756251087,inf,6.143013042000348,0.0,0.0,0.1071827150573635,1.0,30.458437069725942,0.049971195321262485,0.8893993805895648,0.9509076575228402,0.20718507687500676,inf,6.629922460000216
mix_8x8_equity,SQA,2,46,30,2,0.3,1.5357928663159297,5.119309554386432,False,16,0,32,0.0,0.0,0.1071827150573635,1.0,30.48146683990705,0.07300096550237001,0.8492268402864982,0.9282829162567422,0.19622278046875863,inf,6.279128975000276,0.0625,0.017310203195157234,0.2014746724800358,1.0,30.40846587440468,0.0,0.9002753960881404,1.0,0.20990489484374564,14.977841862333094,6.71695663499986
mix_8x8_equity,SA,0,46,30,2,1.0,5.119309554386432,5.119309554386432,False,16,0,32,0.0,0.0,0.1071827150573635,1.0,30.539327664374756,0.13086178997007636,0.6087719022895954,0.8714397010300927,0.0049078319062516584,inf,0.15705062100005307,0.0625,0.017310203195157234,0.2014746724800358,1.0,30.40846587440468,0.0,0.7836246996760519,1.0,0.02271908453126059,1.621128728891756,0.7270107050003389
mix_8x8_equity,SA,1,46,30,2,1.0,5.119309554386432,5.119309554386432,False,16,0,32,0.0,0.0,0.1071827150573635,1.0,30.515191389302775,0.10672551489809479,0.5723165883438023,0.8951514868766979,0.005642975000000661,inf,0.18057520000002114,0.0,0.0,0.1071827150573635,1.0,30.458437069725942,0.049971195321262485,0.7650806644793652,0.9509076575228402,0.02230899106250206,inf,0.7138877140000659
mix_8x8_equity,SA,2,46,30,2,1.0,5.119309554386432,5.119309554386432,False,16,0,32,0.0,0.0,0.1071827150573635,1.0,30.48146683990705,0.07300096550237001,0.6144126704187058,0.9282829162567422,0.004798533093747892,inf,0.15355305899993255,0.03125,0.005537717362550945,0.15744607800372734,1.0,30.40846587440468,0.0,0.7694826124019555,1.0,0.024778787687495196,3.594179930550962,0.7929212059998463
mix_8x8_equity,Tabu,0,46,30,2,1.0,5.119309554386432,5.119309554386432,False,16,0,32,0.0,0.0,0.1071827150573635,1.0,30.49753973318372,0.08907385877904161,0.6859793035175501,0.9124926999878618,0.005903867781256622,inf,0.1889237690002119,0.0,0.0,0.1071827150573635,1.0,30.46488248047076,0.056416606066079567,0.715057866316316,0.9445756034333538,0.020573276687514408,inf,0.658344854000461
mix_8x8_equity,Tabu,1,46,30,2,1.0,5.119309554386432,5.119309554386432,False,16,0,32,0.0,0.0,0.1071827150573635,1.0,30.465229537012,0.05676366260732024,0.6736583576132613,0.9442346506410103,0.005542588937501591,inf,0.17736284600005092,0.0,0.0,0.1071827150573635,1.0,30.458437069725942,0.049971195321262485,0.6926277837091898,0.9509076575228402,0.017872560812506322,inf,0.5719219460002023
mix_8x8_equity,Tabu,2,46,30,2,1.0,5.119309554386432,5.119309554386432,False,16,0,32,0.0,0.0,0.1071827150573635,1.0,30.534181636607524,0.12571576220284442,0.6876905585194355,0.8764952246356774,0.005739169687487333,inf,0.18365342999959466,0.0,0.0,0.1071827150573635,1.0,30.46488248047076,0.056416606066079567,0.7202769155331195,0.9445756034333538,0.020606336343732323,inf,0.6594027629994343
mix_8x8_equity,SQA,0,46,30,2,1.0,5.119309554386432,5.119309554386432,False,16,0,32,0.0,0.0,0.1071827150573635,1.0,30.4259429865803,0.017477112175619425,0.8460980518828211,0.9828302610949917,0.1840085703437495,inf,5.888274250999984,0.03125,0.005537717362550945,0.15744607800372734,1.0,30.40846587440468,0.0,0.9038250745306546,1.0,0.19692707174999668,28.56440508682351,6.301666295999894
mix_8x8_equity,SQA,1,46,30,2,1.0,5.119309554386432,5.119309554386432,False,16,0,32,0.0,0.0,0.1071827150573635,1.0,30.46488248047076,0.056416606066079567,0.8528124597225638,0.9445756034333538,0.18835518628124248,inf,6.027365960999759,0.0,0.0,0.1071827150573635,1.0,30.458437069725942,0.049971195321262485,0.8930627028008664,0.9509076575228402,0.20113951737499747,inf,6.436464555999919
mix_8x8_equity,SQA,2,46,30,2,1.0,5.119309554386432,5.119309554386432,False,16,0,32,0.0,0.0,0.1071827150573635,1.0,30.486417754892127,0.07795188048744706,0.8345668924067347,0.9234190739479855,0.18813084628123988,inf,6.020187080999676,0.0,0.0,0.1071827150573635,1.0,30.458437069725942,0.049971195321262485,0.8635907762493862,0.9509076575228402,0.20079949809374398,inf,6.425583938999807
mix_8x8_equity,SA,0,46,30,2,3.0,15.357928663159296,5.119309554386432,False,16,0,32,0.0,0.0,0.1071827150573635,1.0,30.543783942723415,0.13531806831873538,0.5669597569810291,0.8670617960898673,0.004701744187499912,inf,0.1504558139999972,0.0625,0.017310203195157234,0.2014746724800358,1.0,30.40846587440468,0.0,0.7965748073312928,1.0,0.02287271084375675,1.632090791573399,0.731926747000216
mix_8x8_equity,SA,1,46,30,2,3.0,15.357928663159296,5.119309554386432,False,16,0,32,0.0,0.0,0.1071827150573635,1.0,30.57736321401826,0.16889733961357933,0.5944740406685107,0.8340730897773226,0.00565831918750348,inf,0.18106621400011136,0.0,0.0,0.1071827150573635,1.0,30.458437069725942,0.049971195321262485,0.7309733370323144,0.9509076575228402,0.022032206593749493,inf,0.7050306109999838
mix_8x8_equity,SA,2,46,30,2,3.0,15.357928663159296,5.119309554386432,False,16,0,32,0.0,0.0,0.1071827150573635,0.96875,30.488238709928087,0.07977283552340708,0.5576973191014756,0.9216301443919453,0.004668352343742299,inf,0.14938727499975357,0.0,0.0,0.1071827150573635,1.0,30.458437069725942,0.049971195321262485,0.7581130904293559,0.9509076575228402,0.02299922271875232,inf,0.7359751270000743
mix_8x8_equity,Tabu,0,46,30,2,3.0,15.357928663159296,5.119309554386432,False,16,0,32,0.0,0.0,0.1071827150573635,1.0,30.49753973318372,0.08907385877904161,0.688035631185224,0.9124926999878618,0.00549118775001034,inf,0.17571800800033088,0.0,0.0,0.1071827150573635,1.0,30.46488248047076,0.056416606066079567,0.7191532471854056,0.9445756034333538,0.01846091337500866,inf,0.5907492280002771
mix_8x8_equity,Tabu,1,46,30,2,3.0,15.357928663159296,5.119309554386432,False,16,0,32,0.0,0.0,0.1071827150573635,1.0,30.465229537012,0.05676366260732024,0.6736583576132613,0.9442346506410103,0.0056001626875001875,inf,0.179205206000006,0.0,0.0,0.1071827150573635,1.0,30.458437069725942,0.049971195321262485,0.6926277837091898,0.9509076575228402,0.017051297187506975,inf,0.5456415100002232
mix_8x8_equity,Tabu,2,46,30,2,3.0,15.357928663159296,5.119309554386432,False,16,0,32,0.0,0.0,0.1071827150573635,1.0,30.534181636607524,0.12571576220284442,0.6876905585194355,0.8764952246356774,0.005526634343738124,inf,0.17685229899961996,0.0,0.0,0.1071827150573635,1.0,30.46488248047076,0.056416606066079567,0.7202769155331195,0.9445756034333538,0.021292099999996594,inf,0.681347199999891
mix_8x8_equity,SQA,0,46,30,2,3.0,15.357928663159296,5.119309554386432,False,16,0,32,0.0,0.0,0.1071827150573635,1.0,30.460270004696376,0.05180413029169628,0.8338065089268285,0.9491069587256952,0.1838602967812477,inf,5.883529496999927,0.03125,0.005537717362550945,0.15744607800372734,1.0,30.40846587440468,0.0,0.8837906969853961,1.0,0.19908509090623738,28.877427226523228,6.370722908999596
mix_8x8_equity,SQA,1,46,30,2,3.0,15.357928663159296,5.119309554386432,False,16,0,32,0.0,0.0,0.1071827150573635,1.0,30.465131934287037,0.056666059882356734,0.8532072434765826,0.9443305368084276,0.18035298924999665,inf,5.771295655999893,0.03125,0.005537717362550945,0.15744607800372734,1.0,30.40846587440468,0.0,0.8892308557536862,1.0,0.1929423903124956,27.986424346485155,6.174156489999859
mix_8x8_equity,SQA,2,46,30,2,3.0,15.357928663159296,5.119309554386432,False,16,0,32,0.0,0.0,0.1071827150573635,1.0,30.4259429865803,0.017477112175619425,0.843811235085239,0.9828302610949917,0.18195175243749873,inf,5.822456077999959,0.09375,0.032400962626319516,0.24218499335778831,1.0,30.40846587440468,0.0,0.8828921118613385,1.0,0.1946227435000054,9.10473580796429,6.227927792000173
