instance,solver,penalty_mult,p_feasible,p_success,p_success_pp,mean_benefit_ratio,mean_benefit_ratio_pp
mix_8x8_equity,SA,0.01,0.10416666666666667,0.010416666666666666,0.4166666666666667,0.09698675747020036,0.7795423285550888
mix_8x8_equity,SA,0.03,0.7708333333333334,0.0,0.08333333333333333,0.619464482002929,0.8247069839837677
mix_8x8_equity,SA,0.1,0.9895833333333334,0.0,0.0625,0.6501092804488391,0.7951898423038567
mix_8x8_equity,SA,0.3,1.0,0.0,0.010416666666666666,0.6075346548201804,0.7867823341706952
mix_8x8_equity,SA,1.0,1.0,0.0,0.03125,0.5985003870173679,0.7727293255191242
mix_8x8_equity,SA,3.0,0.9895833333333334,0.0,0.020833333333333332,0.5730437055836718,0.761887078264321
mix_8x8_equity,SQA,0.01,0.0,0.0,0.2916666666666667,0.0,0.9410623940270973
mix_8x8_equity,SQA,0.03,0.9166666666666666,0.03125,0.2604166666666667,0.8538155466462632,0.9285654760927086
mix_8x8_equity,SQA,0.1,1.0,0.020833333333333332,0.0625,0.8782647794319601,0.9092526392050603
mix_8x8_equity,SQA,0.3,1.0,0.0,0.020833333333333332,0.847798182859035,0.8901101779578641
mix_8x8_equity,SQA,1.0,1.0,0.0,0.010416666666666666,0.8444924680040398,0.886826184526969
mix_8x8_equity,SQA,3.0,1.0,0.0,0.052083333333333336,0.8436083291628833,0.8853045548668069
mix_8x8_equity,Tabu,0.01,0.19791666666666666,0.010416666666666666,0.46875,0.18762572889549103,0.8263136139541212
mix_8x8_equity,Tabu,0.03,0.9791666666666666,0.0,0.010416666666666666,0.8008147060514248,0.8434392923984104
mix_8x8_equity,Tabu,0.1,1.0,0.0,0.0,0.6781206397789762,0.7048966535472784
mix_8x8_equity,Tabu,0.3,1.0,0.0,0.0,0.6824427398834155,0.7093208551862084
mix_8x8_equity,Tabu,1.0,1.0,0.0,0.0,0.6824427398834155,0.7093208551862084
mix_8x8_equity,Tabu,3.0,1.0,0.0,0.0,0.6831281824393068,0.7106859821425716
park_12x12,SA,0.01,0.0,0.0,1.0,0.0,1.0
park_12x12,SA,0.03,0.14583333333333334,0.010416666666666666,1.0,0.14030705417981557,1.0
park_12x12,SA,0.1,1.0,0.0,1.0,0.914123698555898,1.0
park_12x12,SA,0.3,1.0,0.0,1.0,0.9129230922738115,1.0
park_12x12,SA,1.0,1.0,0.0,1.0,0.9051257001353529,1.0
park_12x12,SA,3.0,1.0,0.0,1.0,0.9053984902264478,1.0
park_12x12,SQA,0.01,0.0,0.0,1.0,0.0,1.0
park_12x12,SQA,0.03,0.07291666666666667,0.03125,1.0,0.07245506240920191,1.0
park_12x12,SQA,0.1,1.0,0.010416666666666666,1.0,0.9683915164762215,1.0
park_12x12,SQA,0.3,1.0,0.0,1.0,0.9639109473105232,1.0
park_12x12,SQA,1.0,1.0,0.0,1.0,0.9615511446131934,1.0
park_12x12,SQA,3.0,1.0,0.010416666666666666,1.0,0.9607362466950056,1.0
park_12x12,Tabu,0.01,0.0,0.0,1.0,0.0,1.0
park_12x12,Tabu,0.03,0.020833333333333332,0.0,1.0,0.01878599376664677,1.0
park_12x12,Tabu,0.1,1.0,0.9895833333333334,1.0,0.9989763302166567,1.0
park_12x12,Tabu,0.3,1.0,0.9895833333333334,1.0,0.9989763302166567,1.0
park_12x12,Tabu,1.0,1.0,0.9895833333333334,1.0,0.9989763302166567,1.0
park_12x12,Tabu,3.0,1.0,0.96875,1.0,0.9979522745549553,1.0
park_14x14,SA,0.01,1.0,0.0,0.75,0.969762686278797,0.9996995938944616
park_14x14,SA,0.03,1.0,0.0,0.7083333333333334,0.9618801140875951,0.999649526210205
park_14x14,SA,0.1,1.0,0.0,0.75,0.953749313398645,0.9996995938944614
park_14x14,SA,0.3,1.0,0.0,0.8125,0.9473423896282229,0.9997746954208461
park_14x14,SA,1.0,1.0,0.0,0.75,0.9471138087204959,0.9996995938944616
park_14x14,SA,3.0,1.0,0.0,0.78125,0.9469069679911736,0.9997371446576538
park_14x14,SQA,0.01,1.0,0.0,0.75,0.9877198091177647,0.9996995938944614
park_14x14,SQA,0.03,1.0,0.0,0.6458333333333334,0.9820993187538684,0.9995744246838204
park_14x14,SQA,0.1,1.0,0.0,0.7604166666666666,0.9800854067150109,0.9997121108155257
park_14x14,SQA,0.3,1.0,0.0,0.7083333333333334,0.979180080474733,0.999649526210205
park_14x14,SQA,1.0,1.0,0.0,0.7708333333333334,0.9772257634409692,0.9997246277365898
park_14x14,SQA,3.0,1.0,0.0,0.8125,0.9768371974410371,0.9997746954208461
park_14x14,Tabu,0.01,1.0,0.9479166666666666,1.0,0.999982549339395,1.0
park_14x14,Tabu,0.03,1.0,0.9791666666666666,1.0,0.9999864059858318,1.0
park_14x14,Tabu,0.1,1.0,0.90625,1.0,0.9966407148219155,1.0
park_14x14,Tabu,0.3,1.0,0.90625,1.0,0.9966407148219155,1.0
park_14x14,Tabu,1.0,1.0,0.90625,1.0,0.9966407148219155,1.0
park_14x14,Tabu,3.0,1.0,0.9479166666666666,1.0,0.9966563691255189,1.0
