instance,family,n,certified,T_tight,W_star,method,clock,seed,wall_s,proposals,over_T,feasible,opt,benefit_true
H_8x8_s100,H,27,True,1.514291420999939,2052000,"MILP (HiGHS, 8 s cap)",none,0,0.3794826760000092,,False,True,True,1.0
H_8x8_s100,H,27,True,1.514291420999939,2052000,FeasibleSA,tight,0,1.338414293000028,648000.0,False,True,True,1.0
H_8x8_s100,H,27,True,1.514291420999939,2052000,Tabu-on-F,tight,0,1.5640618859999904,481002.0,False,True,True,1.0
H_8x8_s100,H,27,True,1.514291420999939,2052000,FeasibleSQA,tight,0,1.391069863000041,1944000.0,False,True,True,1.0
H_8x8_s100,H,27,True,1.514291420999939,2052000,QAOA-seeded FeasibleSA,tight,0,1.6139761949999638,108000.0,False,True,True,1.0
H_8x8_s100,H,27,True,1.514291420999939,2052000,FeasibleSA,equal_work,0,4.9974966450000124,2052000.0,False,True,True,1.0
H_8x8_s100,H,27,True,1.514291420999939,2052000,Tabu-on-F,equal_work,0,4.356316926000034,2054005.0,False,True,True,1.0
H_8x8_s100,H,27,True,1.514291420999939,2052000,FeasibleSQA,equal_work,0,1.2130845440000257,2052000.0,False,True,True,1.0
H_8x8_s100,H,27,True,1.514291420999939,2052000,QAOA-seeded FeasibleSA,equal_work,0,1.7255481459999942,2052000.0,False,True,True,1.0
H_8x8_s100,H,27,True,1.514291420999939,2052000,FeasibleSA,tight,1,1.506740451999974,972000.0,False,True,True,1.0
H_8x8_s100,H,27,True,1.514291420999939,2052000,Tabu-on-F,tight,1,1.490794840000035,862519.0,False,True,True,1.0
H_8x8_s100,H,27,True,1.514291420999939,2052000,FeasibleSQA,tight,1,1.4278516139999624,2808000.0,False,True,True,1.0
H_8x8_s100,H,27,True,1.514291420999939,2052000,QAOA-seeded FeasibleSA,tight,1,1.4285919409999792,216000.0,False,True,True,1.0
H_8x8_s100,H,27,True,1.514291420999939,2052000,FeasibleSA,equal_work,1,2.9277435200000355,2052000.0,False,True,True,1.0
H_8x8_s100,H,27,True,1.514291420999939,2052000,Tabu-on-F,equal_work,1,3.9307845050000196,2078066.0,False,True,True,1.0
H_8x8_s100,H,27,True,1.514291420999939,2052000,FeasibleSQA,equal_work,1,0.9034915860000297,2052000.0,False,True,True,1.0
H_8x8_s100,H,27,True,1.514291420999939,2052000,QAOA-seeded FeasibleSA,equal_work,1,1.6887355769999886,2052000.0,False,True,True,1.0
H_8x8_s101,H,27,True,1.3135779860000412,2268000,"MILP (HiGHS, 8 s cap)",none,0,0.10162639099996795,,False,True,True,1.0
H_8x8_s101,H,27,True,1.3135779860000412,2268000,FeasibleSA,tight,0,1.160252393999997,648000.0,False,True,True,1.0
H_8x8_s101,H,27,True,1.3135779860000412,2268000,Tabu-on-F,tight,0,1.2539738589999843,512753.0,False,True,True,1.0
H_8x8_s101,H,27,True,1.3135779860000412,2268000,FeasibleSQA,tight,0,1.2631223100000284,1944000.0,False,True,True,1.0
H_8x8_s101,H,27,True,1.3135779860000412,2268000,QAOA-seeded FeasibleSA,tight,0,1.2187006309999902,216000.0,False,True,True,1.0
H_8x8_s101,H,27,True,1.3135779860000412,2268000,FeasibleSA,equal_work,0,3.6622171070000036,2268000.0,False,True,True,1.0
H_8x8_s101,H,27,True,1.3135779860000412,2268000,Tabu-on-F,equal_work,0,4.4147798660000035,2272175.0,False,True,True,1.0
H_8x8_s101,H,27,True,1.3135779860000412,2268000,FeasibleSQA,equal_work,0,1.4718922959999645,2268000.0,False,True,True,1.0
H_8x8_s101,H,27,True,1.3135779860000412,2268000,QAOA-seeded FeasibleSA,equal_work,0,1.638068063999981,2268000.0,False,True,True,1.0
H_8x8_s101,H,27,True,1.3135779860000412,2268000,FeasibleSA,tight,1,1.126343270999996,648000.0,False,True,True,1.0
H_8x8_s101,H,27,True,1.3135779860000412,2268000,Tabu-on-F,tight,1,1.3077383179999629,609835.0,False,True,True,1.0
H_8x8_s101,H,27,True,1.3135779860000412,2268000,FeasibleSQA,tight,1,1.2398370660000069,2160000.0,False,True,True,1.0
H_8x8_s101,H,27,True,1.3135779860000412,2268000,QAOA-seeded FeasibleSA,tight,1,1.2957792970000241,324000.0,False,True,True,1.0
H_8x8_s101,H,27,True,1.3135779860000412,2268000,FeasibleSA,equal_work,1,3.586669895,2268000.0,False,True,True,1.0
H_8x8_s101,H,27,True,1.3135779860000412,2268000,Tabu-on-F,equal_work,1,4.572360623999941,2304231.0,False,True,True,1.0
H_8x8_s101,H,27,True,1.3135779860000412,2268000,FeasibleSQA,equal_work,1,1.3437877520000256,2268000.0,False,True,True,1.0
H_8x8_s101,H,27,True,1.3135779860000412,2268000,QAOA-seeded FeasibleSA,equal_work,1,1.6419132290000107,2268000.0,False,True,True,1.0
H_8x8_s102,H,27,True,1.2068658980000464,2268000,"MILP (HiGHS, 8 s cap)",none,0,0.13127936900002624,,False,True,True,1.0
H_8x8_s102,H,27,True,1.2068658980000464,2268000,FeasibleSA,tight,0,1.0493957660000888,648000.0,False,True,True,1.0
H_8x8_s102,H,27,True,1.2068658980000464,2268000,Tabu-on-F,tight,0,1.1450338180000017,469411.0,False,True,True,1.0
H_8x8_s102,H,27,True,1.2068658980000464,2268000,FeasibleSQA,tight,0,1.1715438239999685,1944000.0,False,True,True,1.0
H_8x8_s102,H,27,True,1.2068658980000464,2268000,QAOA-seeded FeasibleSA,tight,0,3.0191689619999806,108000.0,True,True,True,0.0
H_8x8_s102,H,27,True,1.2068658980000464,2268000,FeasibleSA,equal_work,0,2.9969597089999525,2268000.0,False,True,True,1.0
H_8x8_s102,H,27,True,1.2068658980000464,2268000,Tabu-on-F,equal_work,0,3.964164246999985,2298773.0,False,True,True,1.0
H_8x8_s102,H,27,True,1.2068658980000464,2268000,FeasibleSQA,equal_work,0,1.258471333999978,2268000.0,False,True,True,1.0
H_8x8_s102,H,27,True,1.2068658980000464,2268000,QAOA-seeded FeasibleSA,equal_work,0,3.5404767689999517,2268000.0,False,True,True,1.0
H_8x8_s102,H,27,True,1.2068658980000464,2268000,FeasibleSA,tight,1,1.090103666999994,756000.0,False,True,True,1.0
H_8x8_s102,H,27,True,1.2068658980000464,2268000,Tabu-on-F,tight,1,1.2246085720000792,623240.0,False,True,True,1.0
H_8x8_s102,H,27,True,1.2068658980000464,2268000,FeasibleSQA,tight,1,1.1516276820000257,1944000.0,False,True,True,1.0
H_8x8_s102,H,27,True,1.2068658980000464,2268000,QAOA-seeded FeasibleSA,tight,1,3.845435492999968,108000.0,True,True,True,0.0
H_8x8_s102,H,27,True,1.2068658980000464,2268000,FeasibleSA,equal_work,1,3.3117072630000166,2268000.0,False,True,True,1.0
H_8x8_s102,H,27,True,1.2068658980000464,2268000,Tabu-on-F,equal_work,1,4.1100399519999655,2276392.0,False,True,True,1.0
H_8x8_s102,H,27,True,1.2068658980000464,2268000,FeasibleSQA,equal_work,1,1.0981524150000723,2268000.0,False,True,True,1.0
H_8x8_s102,H,27,True,1.2068658980000464,2268000,QAOA-seeded FeasibleSA,equal_work,1,3.4179308669999955,2268000.0,False,True,True,1.0
H_10x10_s100,H,39,True,3.8203551369999786,3432000,"MILP (HiGHS, 8 s cap)",none,0,0.41957187800005613,,False,True,True,1.0
H_10x10_s100,H,39,True,3.8203551369999786,3432000,FeasibleSA,tight,0,3.6070607169999676,1404000.0,False,True,True,1.0
H_10x10_s100,H,39,True,3.8203551369999786,3432000,Tabu-on-F,tight,0,3.802698507000059,1834187.0,False,True,False,0.9427233142829148
H_10x10_s100,H,39,True,3.8203551369999786,3432000,FeasibleSQA,tight,0,3.5914247330000535,3744000.0,False,True,True,1.0
H_10x10_s100,H,39,True,3.8203551369999786,3432000,FeasibleSA,equal_work,0,11.311869881999996,3432000.0,False,True,True,1.0
H_10x10_s100,H,39,True,3.8203551369999786,3432000,Tabu-on-F,equal_work,0,9.86803819399995,3438006.0,False,True,False,0.9427233142829148
H_10x10_s100,H,39,True,3.8203551369999786,3432000,FeasibleSQA,equal_work,0,3.5792763580000155,3432000.0,False,True,True,1.0
H_10x10_s100,H,39,True,3.8203551369999786,3432000,FeasibleSA,tight,1,3.582367540000064,936000.0,False,True,True,1.0
H_10x10_s100,H,39,True,3.8203551369999786,3432000,Tabu-on-F,tight,1,3.7506482559999768,1774067.0,False,True,False,0.9427233142829148
H_10x10_s100,H,39,True,3.8203551369999786,3432000,FeasibleSQA,tight,1,3.73806709400003,4680000.0,False,True,True,1.0
H_10x10_s100,H,39,True,3.8203551369999786,3432000,FeasibleSA,equal_work,1,11.74729524299994,3432000.0,False,True,True,1.0
H_10x10_s100,H,39,True,3.8203551369999786,3432000,Tabu-on-F,equal_work,1,7.297899625000014,3440334.0,False,True,False,0.9427233142829148
H_10x10_s100,H,39,True,3.8203551369999786,3432000,FeasibleSQA,equal_work,1,2.794322923000095,3432000.0,False,True,True,1.0
H_10x10_s101,H,39,True,4.385836643500056,3900000,"MILP (HiGHS, 8 s cap)",none,0,0.5193408409999165,,False,True,True,1.0
H_10x10_s101,H,39,True,4.385836643500056,3900000,FeasibleSA,tight,0,4.204634319999968,1404000.0,False,True,True,1.0
H_10x10_s101,H,39,True,4.385836643500056,3900000,Tabu-on-F,tight,0,4.218428573999972,1594676.0,False,True,True,1.0
H_10x10_s101,H,39,True,4.385836643500056,3900000,FeasibleSQA,tight,0,4.321162704000017,3432000.0,False,True,True,1.0
H_10x10_s101,H,39,True,4.385836643500056,3900000,FeasibleSA,equal_work,0,14.639997408,3900000.0,False,True,True,1.0
H_10x10_s101,H,39,True,4.385836643500056,3900000,Tabu-on-F,equal_work,0,9.731522235999932,3920102.0,False,True,True,1.0
H_10x10_s101,H,39,True,4.385836643500056,3900000,FeasibleSQA,equal_work,0,3.791258061999997,3900000.0,False,True,True,1.0
H_10x10_s101,H,39,True,4.385836643500056,3900000,FeasibleSA,tight,1,4.114584981999997,1092000.0,False,True,True,1.0
H_10x10_s101,H,39,True,4.385836643500056,3900000,Tabu-on-F,tight,1,4.213506295000002,1901581.0,False,True,True,1.0
H_10x10_s101,H,39,True,4.385836643500056,3900000,FeasibleSQA,tight,1,4.307413032999989,4680000.0,False,True,True,1.0
H_10x10_s101,H,39,True,4.385836643500056,3900000,FeasibleSA,equal_work,1,11.473040711000067,3900000.0,False,True,True,1.0
H_10x10_s101,H,39,True,4.385836643500056,3900000,Tabu-on-F,equal_work,1,9.630008445000044,3983823.0,False,True,True,1.0
H_10x10_s101,H,39,True,4.385836643500056,3900000,FeasibleSQA,equal_work,1,3.8748433619999787,3900000.0,False,True,True,1.0
H_10x10_s102,H,39,True,3.640051944999982,3900000,"MILP (HiGHS, 8 s cap)",none,0,1.224025361000031,,False,True,True,1.0
H_10x10_s102,H,39,True,3.640051944999982,3900000,FeasibleSA,tight,0,3.5514949539999634,1248000.0,False,True,True,1.0
H_10x10_s102,H,39,True,3.640051944999982,3900000,Tabu-on-F,tight,0,3.5582907099999375,1839488.0,False,True,True,1.0
H_10x10_s102,H,39,True,3.640051944999982,3900000,FeasibleSQA,tight,0,3.4666810170000417,4056000.0,False,True,True,1.0
H_10x10_s102,H,39,True,3.640051944999982,3900000,FeasibleSA,equal_work,0,11.481050285000038,3900000.0,False,True,True,1.0
H_10x10_s102,H,39,True,3.640051944999982,3900000,Tabu-on-F,equal_work,0,8.525961501999973,3936759.0,False,True,True,1.0
H_10x10_s102,H,39,True,3.640051944999982,3900000,FeasibleSQA,equal_work,0,3.034234232000017,3900000.0,False,True,True,1.0
H_10x10_s102,H,39,True,3.640051944999982,3900000,FeasibleSA,tight,1,3.2980134650000537,1404000.0,False,True,True,1.0
H_10x10_s102,H,39,True,3.640051944999982,3900000,Tabu-on-F,tight,1,3.5714752970000063,2108106.0,False,True,True,1.0
H_10x10_s102,H,39,True,3.640051944999982,3900000,FeasibleSQA,tight,1,3.5498530579999397,4680000.0,False,True,True,1.0
H_10x10_s102,H,39,True,3.640051944999982,3900000,FeasibleSA,equal_work,1,12.761136689000068,3900000.0,False,True,True,1.0
H_10x10_s102,H,39,True,3.640051944999982,3900000,Tabu-on-F,equal_work,1,8.750615171999925,4017847.0,False,True,True,1.0
H_10x10_s102,H,39,True,3.640051944999982,3900000,FeasibleSQA,equal_work,1,3.417912093000041,3900000.0,False,True,True,1.0
H_12x12_s100,H,66,True,16.298537563999957,7128000,"MILP (HiGHS, 8 s cap)",none,0,2.2399796169999036,,False,True,True,1.0
H_12x12_s100,H,66,True,16.298537563999957,7128000,FeasibleSA,tight,0,14.324758529000064,1848000.0,False,True,False,0.9262546730836736
H_12x12_s100,H,66,True,16.298537563999957,7128000,Tabu-on-F,tight,0,15.785661661999939,6169415.0,False,True,False,0.7079341143075366
H_12x12_s100,H,66,True,16.298537563999957,7128000,FeasibleSQA,tight,0,15.399400525000033,6336000.0,False,True,False,0.9794882139978959
H_12x12_s100,H,66,True,16.298537563999957,7128000,FeasibleSA,equal_work,0,50.44033051700001,7128000.0,False,True,True,1.0
H_12x12_s100,H,66,True,16.298537563999957,7128000,Tabu-on-F,equal_work,0,20.089758484999948,7427059.0,False,True,False,0.7079341143075366
H_12x12_s100,H,66,True,16.298537563999957,7128000,FeasibleSQA,equal_work,0,17.08301954700005,7128000.0,False,True,False,0.9262546730836736
H_12x12_s100,H,66,True,16.298537563999957,7128000,FeasibleSA,tight,1,16.004335370000035,1848000.0,False,True,False,0.9262546730836736
H_12x12_s100,H,66,True,16.298537563999957,7128000,Tabu-on-F,tight,1,15.440791033999972,5943556.0,False,True,True,1.0
H_12x12_s100,H,66,True,16.298537563999957,7128000,FeasibleSQA,tight,1,15.772771722000016,6864000.0,False,True,False,0.9262546730836736
H_12x12_s100,H,66,True,16.298537563999957,7128000,FeasibleSA,equal_work,1,56.465262661,7128000.0,False,True,False,0.9262546730836736
H_12x12_s100,H,66,True,16.298537563999957,7128000,Tabu-on-F,equal_work,1,16.950624873000038,7278437.0,False,True,True,1.0
H_12x12_s100,H,66,True,16.298537563999957,7128000,FeasibleSQA,equal_work,1,13.594268916999908,7128000.0,False,True,False,0.9497846714775399
H_12x12_s101,H,66,True,18.83784178099995,8184000,"MILP (HiGHS, 8 s cap)",none,0,1.3779606699999931,,False,True,True,1.0
H_12x12_s101,H,66,True,18.83784178099995,8184000,FeasibleSA,tight,0,16.910726433000036,1848000.0,False,True,True,1.0
H_12x12_s101,H,66,True,18.83784178099995,8184000,Tabu-on-F,tight,0,18.170638743999916,7634798.0,False,True,True,1.0
H_12x12_s101,H,66,True,18.83784178099995,8184000,FeasibleSQA,tight,0,18.62423684500004,8976000.0,False,True,False,1.0002518764539203
H_12x12_s101,H,66,True,18.83784178099995,8184000,FeasibleSA,equal_work,0,63.28849220300003,8184000.0,False,True,True,1.0
H_12x12_s101,H,66,True,18.83784178099995,8184000,Tabu-on-F,equal_work,0,21.39736705600012,8339412.0,False,True,True,1.0
H_12x12_s101,H,66,True,18.83784178099995,8184000,FeasibleSQA,equal_work,0,17.673796239000012,8184000.0,False,True,True,1.0
H_12x12_s101,H,66,True,18.83784178099995,8184000,FeasibleSA,tight,1,17.012958246999915,2112000.0,False,True,False,0.8540654482136734
H_12x12_s101,H,66,True,18.83784178099995,8184000,Tabu-on-F,tight,1,18.186515437000025,6815938.0,False,True,True,1.0
H_12x12_s101,H,66,True,18.83784178099995,8184000,FeasibleSQA,tight,1,17.736511644000075,8448000.0,False,True,False,0.8540654482136734
H_12x12_s101,H,66,True,18.83784178099995,8184000,FeasibleSA,equal_work,1,60.75214182700006,8184000.0,False,True,False,0.8540654482136734
H_12x12_s101,H,66,True,18.83784178099995,8184000,Tabu-on-F,equal_work,1,20.422683176999954,8585720.0,False,True,True,1.0
H_12x12_s101,H,66,True,18.83784178099995,8184000,FeasibleSQA,equal_work,1,17.743261533999885,8184000.0,False,True,False,0.996484021140985
H_12x12_s102,H,66,True,18.222516886500216,7656000,"MILP (HiGHS, 8 s cap)",none,0,0.5107040830000642,,False,True,True,1.0
H_12x12_s102,H,66,True,18.222516886500216,7656000,FeasibleSA,tight,0,17.404558829999814,1848000.0,False,True,False,0.8131165976888948
H_12x12_s102,H,66,True,18.222516886500216,7656000,Tabu-on-F,tight,0,18.075786646000097,6474370.0,False,True,True,1.0
H_12x12_s102,H,66,True,18.222516886500216,7656000,FeasibleSQA,tight,0,17.769847747000085,7920000.0,False,True,False,0.8998909753346753
H_12x12_s102,H,66,True,18.222516886500216,7656000,FeasibleSA,equal_work,0,61.44704906599986,7656000.0,False,True,True,1.0
H_12x12_s102,H,66,True,18.222516886500216,7656000,Tabu-on-F,equal_work,0,24.44511501000011,8051215.0,False,True,True,1.0
H_12x12_s102,H,66,True,18.222516886500216,7656000,FeasibleSQA,equal_work,0,16.70785066899998,7656000.0,False,True,True,1.0
H_12x12_s102,H,66,True,18.222516886500216,7656000,FeasibleSA,tight,1,17.111023256999943,2112000.0,False,True,True,1.0
H_12x12_s102,H,66,True,18.222516886500216,7656000,Tabu-on-F,tight,1,17.32998148899992,5581903.0,False,True,True,1.0
H_12x12_s102,H,66,True,18.222516886500216,7656000,FeasibleSQA,tight,1,17.658631598000056,7392000.0,False,True,True,1.0
H_12x12_s102,H,66,True,18.222516886500216,7656000,FeasibleSA,equal_work,1,62.53308909800012,7656000.0,False,True,True,1.0
H_12x12_s102,H,66,True,18.222516886500216,7656000,Tabu-on-F,equal_work,1,21.270750566999823,8054859.0,False,True,True,1.0
H_12x12_s102,H,66,True,18.222516886500216,7656000,FeasibleSQA,equal_work,1,17.041671665999957,7656000.0,False,True,False,0.8131165976888948
C_park_8x8_s100,C,9,True,0.1229716210000333,396000,"MILP (HiGHS, 8 s cap)",none,0,0.015764242999921407,,False,True,True,1.0
C_park_8x8_s100,C,9,True,0.1229716210000333,396000,FeasibleSA,tight,0,0.11224108800001886,252000.0,False,True,True,1.0
C_park_8x8_s100,C,9,True,0.1229716210000333,396000,Tabu-on-F,tight,0,0.11558227500017892,120497.0,False,True,True,1.0
C_park_8x8_s100,C,9,True,0.1229716210000333,396000,FeasibleSQA,tight,0,0.10711540800002695,360000.0,False,True,True,1.0
C_park_8x8_s100,C,9,True,0.1229716210000333,396000,QAOA-seeded FeasibleSA,tight,0,0.12086057500005154,72000.0,False,True,True,1.0
C_park_8x8_s100,C,9,True,0.1229716210000333,396000,FeasibleSA,equal_work,0,0.17017435299999306,396000.0,False,True,True,1.0
C_park_8x8_s100,C,9,True,0.1229716210000333,396000,Tabu-on-F,equal_work,0,0.33365739500004565,399277.0,False,True,True,1.0
C_park_8x8_s100,C,9,True,0.1229716210000333,396000,FeasibleSQA,equal_work,0,0.11490403700008756,396000.0,False,True,True,1.0
C_park_8x8_s100,C,9,True,0.1229716210000333,396000,QAOA-seeded FeasibleSA,equal_work,0,0.2077415660000952,396000.0,False,True,True,1.0
C_park_8x8_s100,C,9,True,0.1229716210000333,396000,FeasibleSA,tight,1,0.11433551300001454,216000.0,False,True,True,1.0
C_park_8x8_s100,C,9,True,0.1229716210000333,396000,Tabu-on-F,tight,1,0.12043692099996406,134702.0,False,True,True,1.0
C_park_8x8_s100,C,9,True,0.1229716210000333,396000,FeasibleSQA,tight,1,0.1199349070000153,432000.0,False,True,True,1.0
C_park_8x8_s100,C,9,True,0.1229716210000333,396000,QAOA-seeded FeasibleSA,tight,1,0.12443325800018101,36000.0,False,True,True,1.0
C_park_8x8_s100,C,9,True,0.1229716210000333,396000,FeasibleSA,equal_work,1,0.16296897200004423,396000.0,False,True,True,1.0
C_park_8x8_s100,C,9,True,0.1229716210000333,396000,Tabu-on-F,equal_work,1,0.3045621419998952,399414.0,False,True,True,1.0
C_park_8x8_s100,C,9,True,0.1229716210000333,396000,FeasibleSQA,equal_work,1,0.10429494499999237,396000.0,False,True,True,1.0
C_park_8x8_s100,C,9,True,0.1229716210000333,396000,QAOA-seeded FeasibleSA,equal_work,1,0.21738220099996397,396000.0,False,True,True,1.0
C_park_8x8_s101,C,9,True,0.13264958499985366,468000,"MILP (HiGHS, 8 s cap)",none,0,0.012403576999986399,,False,True,True,1.0
C_park_8x8_s101,C,9,True,0.13264958499985366,468000,FeasibleSA,tight,0,0.1294767879999199,288000.0,False,True,True,1.0
C_park_8x8_s101,C,9,True,0.13264958499985366,468000,Tabu-on-F,tight,0,0.13393962800000736,166882.0,False,True,True,1.0
C_park_8x8_s101,C,9,True,0.13264958499985366,468000,FeasibleSQA,tight,0,0.12400535500000842,432000.0,False,True,True,1.0
C_park_8x8_s101,C,9,True,0.13264958499985366,468000,QAOA-seeded FeasibleSA,tight,0,0.13084129499998198,72000.0,False,True,True,1.0
C_park_8x8_s101,C,9,True,0.13264958499985366,468000,FeasibleSA,equal_work,0,0.20326205100013794,468000.0,False,True,True,1.0
C_park_8x8_s101,C,9,True,0.13264958499985366,468000,Tabu-on-F,equal_work,0,0.3678205229998639,469007.0,False,True,True,1.0
C_park_8x8_s101,C,9,True,0.13264958499985366,468000,FeasibleSQA,equal_work,0,0.1255199199999879,468000.0,False,True,True,1.0
C_park_8x8_s101,C,9,True,0.13264958499985366,468000,QAOA-seeded FeasibleSA,equal_work,0,0.24706878000006327,468000.0,False,True,True,1.0
C_park_8x8_s101,C,9,True,0.13264958499985366,468000,FeasibleSA,tight,1,0.13079534200005583,288000.0,False,True,True,1.0
C_park_8x8_s101,C,9,True,0.13264958499985366,468000,Tabu-on-F,tight,1,0.12919665300000815,185733.0,False,True,True,1.0
C_park_8x8_s101,C,9,True,0.13264958499985366,468000,FeasibleSQA,tight,1,0.12992820300019048,432000.0,False,True,True,1.0
C_park_8x8_s101,C,9,True,0.13264958499985366,468000,QAOA-seeded FeasibleSA,tight,1,0.12740164199999526,72000.0,False,True,True,1.0
C_park_8x8_s101,C,9,True,0.13264958499985366,468000,FeasibleSA,equal_work,1,0.19084484000018165,468000.0,False,True,True,1.0
C_park_8x8_s101,C,9,True,0.13264958499985366,468000,Tabu-on-F,equal_work,1,0.36237063199996555,468793.0,False,True,True,1.0
C_park_8x8_s101,C,9,True,0.13264958499985366,468000,FeasibleSQA,equal_work,1,0.1271231829998669,468000.0,False,True,True,1.0
C_park_8x8_s101,C,9,True,0.13264958499985366,468000,QAOA-seeded FeasibleSA,equal_work,1,0.24999387499997283,468000.0,False,True,True,1.0
C_park_8x8_s102,C,9,True,0.1203893470001276,324000,"MILP (HiGHS, 8 s cap)",none,0,0.010924526999815498,,False,True,True,1.0
C_park_8x8_s102,C,9,True,0.1203893470001276,324000,FeasibleSA,tight,0,0.11640452000006007,252000.0,False,True,True,1.0
C_park_8x8_s102,C,9,True,0.1203893470001276,324000,Tabu-on-F,tight,0,0.1187451460000375,92690.0,False,True,True,1.0
C_park_8x8_s102,C,9,True,0.1203893470001276,324000,FeasibleSQA,tight,0,0.11972451800011186,360000.0,False,True,True,1.0
C_park_8x8_s102,C,9,True,0.1203893470001276,324000,QAOA-seeded FeasibleSA,tight,0,0.11931550799999968,72000.0,False,True,True,1.0
C_park_8x8_s102,C,9,True,0.1203893470001276,324000,FeasibleSA,equal_work,0,0.14452487599987762,324000.0,False,True,True,1.0
C_park_8x8_s102,C,9,True,0.1203893470001276,324000,Tabu-on-F,equal_work,0,0.3075383420000435,324826.0,False,True,True,1.0
C_park_8x8_s102,C,9,True,0.1203893470001276,324000,FeasibleSQA,equal_work,0,0.10277661800000715,324000.0,False,True,True,1.0
C_park_8x8_s102,C,9,True,0.1203893470001276,324000,QAOA-seeded FeasibleSA,equal_work,0,0.18250943299995015,324000.0,False,True,True,1.0
C_park_8x8_s102,C,9,True,0.1203893470001276,324000,FeasibleSA,tight,1,0.11308505100009825,252000.0,False,True,True,1.0
C_park_8x8_s102,C,9,True,0.1203893470001276,324000,Tabu-on-F,tight,1,0.11937459599994327,153194.0,False,True,True,1.0
C_park_8x8_s102,C,9,True,0.1203893470001276,324000,FeasibleSQA,tight,1,0.11452293199999986,432000.0,False,True,True,1.0
C_park_8x8_s102,C,9,True,0.1203893470001276,324000,QAOA-seeded FeasibleSA,tight,1,0.11635611199994855,72000.0,False,True,True,1.0
C_park_8x8_s102,C,9,True,0.1203893470001276,324000,FeasibleSA,equal_work,1,0.13767869499997687,324000.0,False,True,True,1.0
C_park_8x8_s102,C,9,True,0.1203893470001276,324000,Tabu-on-F,equal_work,1,0.25520533200005957,325055.0,False,True,True,1.0
C_park_8x8_s102,C,9,True,0.1203893470001276,324000,FeasibleSQA,equal_work,1,0.09927651899988632,324000.0,False,True,True,1.0
C_park_8x8_s102,C,9,True,0.1203893470001276,324000,QAOA-seeded FeasibleSA,equal_work,1,0.1886892820000412,324000.0,False,True,True,1.0
