method,clock,family,instances,P_feas,P_opt,benefit_mean,benefit_min,wall_s,proposals,FeasibleSA_benefit_same_clock_same_instances,comparable_to_feasible_sa,beats_feasible_sa,w/t/l_vs_FeasibleSA
"MILP (HiGHS, 8 s cap)",none,H,9,1.0,1.0,1.0,1.0,0.7671078762222187,,,,,
FeasibleSA,tight,H,9,1.0,0.7777777777777778,0.9733161884483287,0.8131165976888948,7.133209249277773,1301333.3333333333,0.9733161884483287,yes,no,0/9/0
Tabu-on-F,tight,H,9,1.0,0.8333333333333334,0.9774100412707425,0.7079341143075366,7.4494796635555485,2957269.1666666665,0.9733161884483287,yes,yes,2/5/2
FeasibleSQA,tight,H,9,1.0,0.7222222222222222,0.9811083992824354,0.8540654482136734,7.421169671055578,4664000.0,0.9733161884483287,yes,yes,3/6/0
QAOA-seeded FeasibleSA,tight,H,3,1.0,1.0,0.6666666666666666,0.0,2.0702754198333175,180000.0,1.0,no,no,0/2/1
FeasibleSA,equal_work,H,9,1.0,0.8888888888888888,0.9877955622942971,0.8540654482136734,24.990197207166677,4532000.0,0.9877955622942971,yes,no,0/9/0
Tabu-on-F,equal_work,H,9,1.0,0.8333333333333334,0.9774100412707425,0.7079341143075366,11.318266136777765,4653178.611111111,0.9877955622942971,yes,no,1/6/2
FeasibleSQA,equal_work,H,9,1.0,0.7777777777777778,0.9825355535217276,0.8131165976888948,7.090255307166668,4532000.0,0.9877955622942971,yes,no,1/6/2
QAOA-seeded FeasibleSA,equal_work,H,3,1.0,1.0,1.0,1.0,2.2754454419999868,2196000.0,1.0,yes,no,0/3/0
"MILP (HiGHS, 8 s cap)",none,C,3,1.0,1.0,1.0,1.0,0.013030782333241035,,,,,
FeasibleSA,tight,C,3,1.0,1.0,1.0,1.0,0.11938971700002787,258000.0,1.0,yes,no,0/3/0
Tabu-on-F,tight,C,3,1.0,1.0,1.0,1.0,0.12287920316668982,142283.0,1.0,yes,no,0/3/0
FeasibleSQA,tight,C,3,1.0,1.0,1.0,1.0,0.11920522050005877,408000.0,1.0,yes,no,0/3/0
QAOA-seeded FeasibleSA,tight,C,3,1.0,1.0,1.0,1.0,0.1232013983333596,66000.0,1.0,yes,no,0/3/0
FeasibleSA,equal_work,C,3,1.0,1.0,1.0,1.0,0.16824229783336853,396000.0,1.0,yes,no,0/3/0
Tabu-on-F,equal_work,C,3,1.0,1.0,1.0,1.0,0.3218590609999789,397728.6666666667,1.0,yes,no,0/3/0
FeasibleSQA,equal_work,C,3,1.0,1.0,1.0,1.0,0.11231587033330469,396000.0,1.0,yes,no,0/3/0
QAOA-seeded FeasibleSA,equal_work,C,3,1.0,1.0,1.0,1.0,0.2155641895000144,396000.0,1.0,yes,no,0/3/0
