instance,n_decision,n_slack,n_total,milp_opt,qubo_ground_obj,qubo_ground_feasible,ground_degeneracy,safe_penalty,range_penalty,range_over_safe,match
6x6_s0_park_eq0,5,3,8,30.81832773110306,30.81832773110306,True,2,1.9061116681990762,3.5858596902302224,1.881243239866528,True
6x6_s1_park_eq0,5,3,8,30.75455652782465,30.75455652782465,True,2,1.825079075017881,3.3563736990583735,1.8390291933107008,True
6x6_s2_park_eq0,5,3,8,30.7203501212887,30.7203501212887,True,2,1.8453460238700061,3.4207682267209734,1.8537272589923475,True
6x6_s3_park_eq0,5,3,8,30.82315133468282,30.82315133468282,True,2,2.0451350456382777,3.7116453230663353,1.8148656397934577,True
8x8_s0_park_eq0,12,4,16,30.584153681294467,30.584153681294467,True,1,2.9607622103654756,6.2880960034989215,2.1238098694601755,True
8x8_s1_park_eq0,12,4,16,30.50699830685448,30.50699830685448,True,1,2.330303508054437,5.146131794475156,2.208352592994054,True
8x8_s2_park_eq0,12,4,16,30.73828302817793,30.73828302817793,True,1,2.417134642448302,5.300905368513391,2.193053409364128,True
8x8_s3_park_eq0,12,4,16,30.75717244256609,30.75717244256609,True,1,2.7062921318630786,5.8087092687625415,2.1463718570410513,True
6x6_s0_mix_eq0,15,3,18,30.369171487340772,30.369171487340772,True,1,4.850297240104189,10.006306284877006,2.063029498922433,True
6x6_s1_mix_eq0,15,3,18,30.339389992174752,30.339389992174752,True,1,4.538088610204073,9.160054434135478,2.018482938728594,True
8x8_s1_park_eq1,12,11,23,30.552390918826934,30.552390918826934,True,1,2.4030489606645618,5.146131794475156,2.141501017545642,True
