instance,solver,seed,n_vars,n_decision,degree,penalty_mult,penalty_weight,safe_penalty_weight,quadratized,n_slack,n_aux,milp_optimal,hubo_degree,formulation,reads,p_success,p_success_lo,p_success_hi,p_feasible,best_feasible_obj,best_gap_C,mean_benefit_ratio,best_benefit_ratio,time_per_read_s,tts99_s,wall_time_s,p_success_pp,p_success_lo_pp,p_success_hi_pp,p_feasible_pp,best_feasible_obj_pp,best_gap_C_pp,mean_benefit_ratio_pp,best_benefit_ratio_pp,time_per_read_s_pp,tts99_s_pp,wall_time_s_pp
hubo_10x10_s0,SA,0,30,25,4,1.0,7.206581541624085,7.206581541624085,False,5,0,True,4,native HUBO,32,0.0,0.0,0.1071827150573635,1.0,30.26265008207595,0.07299717990816035,0.9065978041277214,0.9539709420449168,0.01714246696874966,inf,0.5485589429999891,1.0,0.8928172849426366,1.0,1.0,30.18965290216779,0.0,1.0,1.0,0.12990435946875323,0.12990435946875323,4.156939503000103
hubo_10x10_s0,SA,1,30,25,4,1.0,7.206581541624085,7.206581541624085,False,5,0,True,4,native HUBO,32,0.0,0.0,0.1071827150573635,1.0,30.198965834396606,0.00931293222881635,0.9073899784159689,0.9941276430427687,0.012923055187499699,inf,0.41353776599999037,1.0,0.8928172849426366,1.0,1.0,30.18965290216779,0.0,1.0,1.0,0.12710888440625467,0.12710888440625467,4.06748430100015
hubo_10x10_s0,SA,2,30,25,4,1.0,7.206581541624085,7.206581541624085,False,5,0,True,4,native HUBO,32,0.0,0.0,0.1071827150573635,1.0,30.272050648497462,0.08239774632967212,0.9082109873983297,0.9480433265237315,0.012995265749992768,inf,0.4158485039997686,1.0,0.8928172849426366,1.0,1.0,30.18965290216779,0.0,1.0,1.0,0.12271308378124957,0.12271308378124957,3.926818680999986
hubo_10x10_s0,Tabu,0,30,25,4,1.0,7.206581541624085,7.206581541624085,False,5,0,True,4,native HUBO,32,1.0,0.8928172849426366,1.0,1.0,30.18965290216779,0.0,1.0,1.0,0.14905345871873976,0.14905345871873976,4.769710678999672,1.0,0.8928172849426366,1.0,1.0,30.18965290216779,0.0,1.0,1.0,0.19032625878124065,0.19032625878124065,6.090440280999701
hubo_10x10_s0,Tabu,1,30,25,4,1.0,7.206581541624085,7.206581541624085,False,5,0,True,4,native HUBO,32,1.0,0.8928172849426366,1.0,1.0,30.18965290216779,0.0,1.0,1.0,0.15387276900000302,0.15387276900000302,4.923928608000097,1.0,0.8928172849426366,1.0,1.0,30.18965290216779,0.0,1.0,1.0,0.19569312025001295,0.19569312025001295,6.2621798480004145
hubo_10x10_s0,Tabu,2,30,25,4,1.0,7.206581541624085,7.206581541624085,False,5,0,True,4,native HUBO,32,0.96875,0.8425539219962727,0.9944622826374491,1.0,30.18965290216779,0.0,0.99719749840225,1.0,0.17398680631249874,0.23118866401168617,5.56757780199996,1.0,0.8928172849426366,1.0,1.0,30.18965290216779,0.0,1.0,1.0,0.21552729487498823,0.21552729487498823,6.896873435999623
hubo_10x10_s0,SQA,0,30,25,4,1.0,7.206581541624085,7.206581541624085,False,5,0,True,4,native HUBO,32,0.0,0.0,0.1071827150573635,1.0,30.229685468477243,0.04003256630945273,0.9498675404921709,0.9747570890126603,0.569913573187506,inf,18.237234342000193,1.0,0.8928172849426366,1.0,1.0,30.18965290216779,0.0,1.0,1.0,0.6705564447500052,0.6705564447500052,21.457806232000166
hubo_10x10_s0,SQA,1,30,25,4,1.0,7.206581541624085,7.206581541624085,False,5,0,True,4,native HUBO,32,0.0,0.0,0.1071827150573635,1.0,30.220233041912618,0.03058013974482776,0.9548884270432114,0.9807174054345643,0.5680864128749903,inf,18.17876521199969,1.0,0.8928172849426366,1.0,1.0,30.18965290216779,0.0,1.0,1.0,0.6596108979999968,0.6596108979999968,21.1075487359999
hubo_10x10_s0,SQA,2,30,25,4,1.0,7.206581541624085,7.206581541624085,False,5,0,True,4,native HUBO,32,0.0,0.0,0.1071827150573635,1.0,30.219937313759186,0.03028441159139561,0.9549973116544205,0.9809038796015171,0.5727770961250087,inf,18.32886707600028,1.0,0.8928172849426366,1.0,1.0,30.18965290216779,0.0,1.0,1.0,0.6657615361875031,0.6657615361875031,21.3043691580001
hubo_10x10_s0,Greedy,0,30,25,4,1.0,7.206581541624085,7.206581541624085,False,5,0,True,4,native HUBO,32,0.0,0.0,0.1071827150573635,1.0,30.189780460018792,0.00012755785100182493,0.9158291410766677,0.9999195671980236,0.0003386361250079517,inf,0.010836356000254455,1.0,0.8928172849426366,1.0,1.0,30.18965290216779,0.0,1.0,1.0,0.12235347903126126,0.12235347903126126,3.9153113290003603
hubo_10x10_s0,Greedy,1,30,25,4,1.0,7.206581541624085,7.206581541624085,False,5,0,True,4,native HUBO,32,0.03125,0.005537717362550945,0.15744607800372734,1.0,30.18965290216779,0.0,0.8876775222607769,1.0,0.00015538803124570677,0.022539139137666232,0.004972416999862617,1.0,0.8928172849426366,1.0,1.0,30.18965290216779,0.0,1.0,1.0,0.12624283459373942,0.12624283459373942,4.039770706999661
hubo_10x10_s0,Greedy,2,30,25,4,1.0,7.206581541624085,7.206581541624085,False,5,0,True,4,native HUBO,32,0.0,0.0,0.1071827150573635,1.0,30.19586503097244,0.006212128804648387,0.9073804127232317,0.9960828837890265,0.00014255218749781307,inf,0.004561669999930018,1.0,0.8928172849426366,1.0,1.0,30.18965290216779,0.0,1.0,1.0,0.11413654578124977,0.11413654578124977,3.6523694649999925
hubo_10x10_s0,SA,0,187,25,2,1.0,7.206581541624085,7.206581541624085,True,5,157,True,4,QUBO (Rosenberg),32,0.0,0.0,0.1071827150573635,1.0,30.330610638238415,0.14095773607062512,0.8204852036732475,0.9111177745362898,0.025271664625009294,inf,0.8086932680002974,1.0,0.8928172849426366,1.0,1.0,30.18965290216779,0.0,1.0,1.0,0.17346635078126837,0.17346635078126837,5.550923225000588
hubo_10x10_s0,SA,1,187,25,2,1.0,7.206581541624085,7.206581541624085,True,5,157,True,4,QUBO (Rosenberg),32,0.0,0.0,0.1071827150573635,1.0,30.26954518540155,0.07989228323376096,0.8331774991850005,0.9496231698298853,0.02393418840624406,inf,0.76589402899981,1.0,0.8928172849426366,1.0,1.0,30.18965290216779,0.0,1.0,1.0,0.16642317275000096,0.16642317275000096,5.325541528000031
hubo_10x10_s0,SA,2,187,25,2,1.0,7.206581541624085,7.206581541624085,True,5,157,True,4,QUBO (Rosenberg),32,0.0,0.0,0.1071827150573635,1.0,30.257310178566442,0.06765727639865204,0.8314727514168962,0.9573380683972355,0.02374772971874961,inf,0.7599273509999875,1.0,0.8928172849426366,1.0,1.0,30.18965290216779,0.0,1.0,1.0,0.1629149479374945,0.1629149479374945,5.213278333999824
hubo_10x10_s0,Tabu,0,187,25,2,1.0,7.206581541624085,7.206581541624085,True,5,157,True,4,QUBO (Rosenberg),32,0.0,0.0,0.1071827150573635,1.0,30.341677924708712,0.1520250225409221,0.8204302928094943,0.9041391930213913,0.027329768874992055,inf,0.8745526039997458,1.0,0.8928172849426366,1.0,1.0,30.18965290216779,0.0,1.0,1.0,0.17313907118749228,0.17313907118749228,5.540450277999753
hubo_10x10_s0,Tabu,1,187,25,2,1.0,7.206581541624085,7.206581541624085,True,5,157,True,4,QUBO (Rosenberg),32,0.0,0.0,0.1071827150573635,1.0,30.25131634462115,0.06166344245335864,0.8356590688436732,0.9611175367326994,0.02818404937499963,inf,0.9018895799999882,1.0,0.8928172849426366,1.0,1.0,30.18965290216779,0.0,1.0,1.0,0.16945538537500227,0.16945538537500227,5.4225723320000725
hubo_10x10_s0,Tabu,2,187,25,2,1.0,7.206581541624085,7.206581541624085,True,5,157,True,4,QUBO (Rosenberg),32,0.0,0.0,0.1071827150573635,1.0,30.29021312409601,0.10056022192821956,0.8443670906562625,0.93659080681016,0.027970856187494064,inf,0.89506739799981,1.0,0.8928172849426366,1.0,1.0,30.18965290216779,0.0,1.0,1.0,0.16528755796873895,0.16528755796873895,5.2892018549996465
hubo_10x10_s0,SQA,0,187,25,2,1.0,7.206581541624085,7.206581541624085,True,5,157,True,4,QUBO (Rosenberg),32,0.0,0.0,0.1071827150573635,1.0,30.26636138022148,0.07670847805368908,0.9117727268612139,0.951630748113534,1.123506478281243,inf,35.952207304999774,1.0,0.8928172849426366,1.0,1.0,30.18965290216779,0.0,1.0,1.0,1.2409145399062425,1.2409145399062425,39.70926527699976
hubo_10x10_s0,SQA,1,187,25,2,1.0,7.206581541624085,7.206581541624085,True,5,157,True,4,QUBO (Rosenberg),32,0.0,0.0,0.1071827150573635,1.0,30.240981266587795,0.0513283644200051,0.9176953783419943,0.9676344173350191,1.1206743935000105,inf,35.86158059200034,1.0,0.8928172849426366,1.0,1.0,30.18965290216779,0.0,1.0,1.0,1.234601442781269,1.234601442781269,39.50724616900061
hubo_10x10_s0,SQA,2,187,25,2,1.0,7.206581541624085,7.206581541624085,True,5,157,True,4,QUBO (Rosenberg),32,0.0,0.0,0.1071827150573635,1.0,30.239402920287528,0.049750018119738115,0.9232423418834407,0.9686296584309023,1.1430623566874942,inf,36.577995413999815,1.0,0.8928172849426366,1.0,1.0,30.18965290216779,0.0,1.0,1.0,1.2510889016249962,1.2510889016249962,40.03484485199988
hubo_10x10_s0,Greedy,0,187,25,2,1.0,7.206581541624085,7.206581541624085,True,5,157,True,4,QUBO (Rosenberg),32,0.0,0.0,0.1071827150573635,1.0,30.28293611527936,0.09328321311156884,0.8425466825113509,0.9411793931224351,0.0008922719687376457,inf,0.028552702999604662,1.0,0.8928172849426366,1.0,1.0,30.18965290216779,0.0,1.0,1.0,0.14048784828123928,0.14048784828123928,4.495611144999657
hubo_10x10_s0,Greedy,1,187,25,2,1.0,7.206581541624085,7.206581541624085,True,5,157,True,4,QUBO (Rosenberg),32,0.0,0.0,0.1071827150573635,1.0,30.27597937933446,0.08632647716666852,0.832904588349942,0.9455660283649047,0.0008489037187473514,inf,0.027164918999915244,1.0,0.8928172849426366,1.0,1.0,30.18965290216779,0.0,1.0,1.0,0.14013742531248852,0.14013742531248852,4.4843976099996326
hubo_10x10_s0,Greedy,2,187,25,2,1.0,7.206581541624085,7.206581541624085,True,5,157,True,4,QUBO (Rosenberg),32,0.0,0.0,0.1071827150573635,1.0,30.239436589344848,0.049783687177058056,0.8401566562353433,0.9686084280903244,0.0008358073437477742,inf,0.026745834999928775,1.0,0.8928172849426366,1.0,1.0,30.18965290216779,0.0,1.0,1.0,0.1408973701874885,0.1408973701874885,4.508715845999632
hubo_10x10_s1,SA,0,30,25,4,1.0,8.479581193011521,8.479581193011521,False,5,0,True,4,native HUBO,32,0.0,0.0,0.1071827150573635,1.0,30.112559969985966,0.029204348221519183,0.9357742786763873,0.981397603043971,0.015134413062497742,inf,0.48430121799992776,0.96875,0.8425539219962727,0.9944622826374491,1.0,30.083355621764447,0.0,0.9992901259440424,1.0,0.13676405900000077,0.18172814798517414,4.376449888000025
hubo_10x10_s1,SA,1,30,25,4,1.0,8.479581193011521,8.479581193011521,False,5,0,True,4,native HUBO,32,0.0,0.0,0.1071827150573635,1.0,30.120146085994005,0.036790464229557784,0.936916163286643,0.976565447905099,0.013660509781246333,inf,0.43713631299988265,1.0,0.8928172849426366,1.0,1.0,30.083355621764447,0.0,1.0,1.0,0.1467972228749943,0.1467972228749943,4.697511131999818
hubo_10x10_s1,SA,2,30,25,4,1.0,8.479581193011521,8.479581193011521,False,5,0,True,4,native HUBO,32,0.0,0.0,0.1071827150573635,1.0,30.125241736683435,0.04188611491898797,0.939348854257717,0.9733196532667445,0.015093383187505083,inf,0.48298826200016265,1.0,0.8928172849426366,1.0,1.0,30.083355621764447,0.0,1.0,1.0,0.14369716853126135,0.14369716853126135,4.598309393000363
hubo_10x10_s1,Tabu,0,30,25,4,1.0,8.479581193011521,8.479581193011521,False,5,0,True,4,native HUBO,32,1.0,0.8928172849426366,1.0,1.0,30.083355621764447,0.0,1.0,1.0,0.18741159325000467,0.18741159325000467,5.9971709840001495,1.0,0.8928172849426366,1.0,1.0,30.083355621764447,0.0,1.0,1.0,0.2292814493749944,0.2292814493749944,7.337006379999821
hubo_10x10_s1,Tabu,1,30,25,4,1.0,8.479581193011521,8.479581193011521,False,5,0,True,4,native HUBO,32,1.0,0.8928172849426366,1.0,1.0,30.083355621764447,0.0,1.0,1.0,0.18047124181249785,0.18047124181249785,5.775079737999931,1.0,0.8928172849426366,1.0,1.0,30.083355621764447,0.0,1.0,1.0,0.222328542437495,0.222328542437495,7.11451335799984
hubo_10x10_s1,Tabu,2,30,25,4,1.0,8.479581193011521,8.479581193011521,False,5,0,True,4,native HUBO,32,0.96875,0.8425539219962727,0.9944622826374491,1.0,30.083355621764447,0.0,0.9969119533885031,1.0,0.17236915275000797,0.22903917248487307,5.515812888000255,1.0,0.8928172849426366,1.0,1.0,30.083355621764447,0.0,1.0,1.0,0.2178560286562572,0.2178560286562572,6.97139291700023
hubo_10x10_s1,SQA,0,30,25,4,1.0,8.479581193011521,8.479581193011521,False,5,0,True,4,native HUBO,32,0.0,0.0,0.1071827150573635,1.0,30.09893142222335,0.01557580045890461,0.9705863675585218,0.9900786273041716,0.5845021114062519,inf,18.70406756500006,0.96875,0.8425539219962727,0.9944622826374491,1.0,30.083355621764447,0.0,0.9992901259440424,1.0,0.6977562642812529,0.9271584550798181,22.328200457000094
hubo_10x10_s1,SQA,1,30,25,4,1.0,8.479581193011521,8.479581193011521,False,5,0,True,4,native HUBO,32,0.0,0.0,0.1071827150573635,1.0,30.095877610568007,0.01252198880355948,0.9700372981356928,0.9920238245128469,0.5830212175312397,inf,18.65667896099967,0.96875,0.8425539219962727,0.9944622826374491,1.0,30.083355621764447,0.0,0.9992901259440424,1.0,0.6958726237499917,0.9246555277192321,22.267923959999735
hubo_10x10_s1,SQA,2,30,25,4,1.0,8.479581193011521,8.479581193011521,False,5,0,True,4,native HUBO,32,0.0,0.0,0.1071827150573635,1.0,30.085861799400433,0.002506177635986262,0.9716322076948373,0.998403631169122,0.5778592771562501,inf,18.491496869000002,1.0,0.8928172849426366,1.0,1.0,30.083355621764447,0.0,1.0,1.0,0.6807638257812414,0.6807638257812414,21.784442424999725
hubo_10x10_s1,Greedy,0,30,25,4,1.0,8.479581193011521,8.479581193011521,False,5,0,True,4,native HUBO,32,0.0,0.0,0.1071827150573635,1.0,30.088309144244366,0.0049535224799193145,0.9561838316152844,0.9968447372698366,0.00016659099999571936,inf,0.0053309119998630194,0.96875,0.8425539219962727,0.9944622826374491,1.0,30.083355621764447,0.0,0.9992901259440424,1.0,0.11584623374999126,0.15393314343239378,3.70707947999972
hubo_10x10_s1,Greedy,1,30,25,4,1.0,8.479581193011521,8.479581193011521,False,5,0,True,4,native HUBO,32,0.0,0.0,0.1071827150573635,1.0,30.101642838175852,0.018287216411405183,0.9324948708716623,0.9883515270970813,0.00014838106250181227,inf,0.0047481940000579925,0.875,0.7193135021517204,0.950299461555257,1.0,30.083355621764447,0.0,0.9971605037761697,1.0,0.1291457166875034,0.28600852306572083,4.132662934000109
hubo_10x10_s1,Greedy,2,30,25,4,1.0,8.479581193011521,8.479581193011521,False,5,0,True,4,native HUBO,32,0.0,0.0,0.1071827150573635,1.0,30.088309144244366,0.0049535224799193145,0.9369940169139627,0.9968447372698366,0.00014480962499874295,inf,0.004633907999959774,0.9375,0.7985253275199642,0.9826897968048427,1.0,30.083355621764447,0.0,0.9985802518880849,1.0,0.1295625975937469,0.21519881649662678,4.1460031229999
hubo_10x10_s1,SA,0,192,25,2,1.0,8.479581193011521,8.479581193011521,True,5,162,True,4,QUBO (Rosenberg),32,0.0,0.0,0.1071827150573635,1.0,30.177087423146777,0.0937318013823294,0.8474906937594446,0.9402953230288849,0.02320048981249556,inf,0.742415673999858,1.0,0.8928172849426366,1.0,1.0,30.083355621764447,0.0,1.0,1.0,0.18187734134373557,0.18187734134373557,5.820074922999538
hubo_10x10_s1,SA,1,192,25,2,1.0,8.479581193011521,8.479581193011521,True,5,162,True,4,QUBO (Rosenberg),32,0.0,0.0,0.1071827150573635,1.0,30.15740997625383,0.07405435448938391,0.8446538359402233,0.9528293359576182,0.023719053874998508,inf,0.7590097239999523,1.0,0.8928172849426366,1.0,1.0,30.083355621764447,0.0,1.0,1.0,0.18086392528124406,0.18086392528124406,5.78764560899981
hubo_10x10_s1,SA,2,192,25,2,1.0,8.479581193011521,8.479581193011521,True,5,162,True,4,QUBO (Rosenberg),32,0.0,0.0,0.1071827150573635,1.0,30.16307142126988,0.07971579950543273,0.8404959579501639,0.9492231453063347,0.023418345781252015,inf,0.7493870650000645,1.0,0.8928172849426366,1.0,1.0,30.083355621764447,0.0,1.0,1.0,0.1813747557499994,0.1813747557499994,5.803992183999981
hubo_10x10_s1,Tabu,0,192,25,2,1.0,8.479581193011521,8.479581193011521,True,5,162,True,4,QUBO (Rosenberg),32,0.0,0.0,0.1071827150573635,1.0,30.162686212940834,0.07933059117638663,0.8627839630570351,0.9494685128178206,0.02967363018750291,inf,0.9495561660000931,1.0,0.8928172849426366,1.0,1.0,30.083355621764447,0.0,1.0,1.0,0.18544376075000457,0.18544376075000457,5.934200344000146
hubo_10x10_s1,Tabu,1,192,25,2,1.0,8.479581193011521,8.479581193011521,True,5,162,True,4,QUBO (Rosenberg),32,0.0,0.0,0.1071827150573635,1.0,30.209730725643848,0.12637510387940054,0.8395644789038815,0.9195024032074863,0.02909018128124785,inf,0.9308858009999312,1.0,0.8928172849426366,1.0,1.0,30.083355621764447,0.0,1.0,1.0,0.18564107474999503,0.18564107474999503,5.940514391999841
hubo_10x10_s1,Tabu,2,192,25,2,1.0,8.479581193011521,8.479581193011521,True,5,162,True,4,QUBO (Rosenberg),32,0.0,0.0,0.1071827150573635,1.0,30.1760977804699,0.09274215870545177,0.8655721903865313,0.9409256992242467,0.028687207156238514,inf,0.9179906289996325,1.0,0.8928172849426366,1.0,1.0,30.083355621764447,0.0,1.0,1.0,0.1781573736874833,0.1781573736874833,5.701035957999466
hubo_10x10_s1,SQA,0,192,25,2,1.0,8.479581193011521,8.479581193011521,True,5,162,True,4,QUBO (Rosenberg),32,0.0,0.0,0.1071827150573635,1.0,30.13164540484016,0.04828978307571319,0.9308527944175236,0.9692406861169723,1.085327373312495,inf,34.73047594599984,0.96875,0.8425539219962727,0.9944622826374491,1.0,30.083355621764447,0.0,0.9992901259440424,1.0,1.2145355418437447,1.6138398954759923,38.86513733899983
hubo_10x10_s1,SQA,1,192,25,2,1.0,8.479581193011521,8.479581193011521,True,5,162,True,4,QUBO (Rosenberg),32,0.0,0.0,0.1071827150573635,1.0,30.112235026100283,0.0288794043358358,0.9394370555863064,0.9816045836998674,1.0856808432187393,inf,34.741786982999656,1.0,0.8928172849426366,1.0,1.0,30.083355621764447,0.0,1.0,1.0,1.2158861606249758,1.2158861606249758,38.908357139999225
hubo_10x10_s1,SQA,2,192,25,2,1.0,8.479581193011521,8.479581193011521,True,5,162,True,4,QUBO (Rosenberg),32,0.0,0.0,0.1071827150573635,1.0,30.117862043296167,0.03450642153172012,0.9403864136352067,0.978020322658934,1.0867124830937485,inf,34.77479945899995,1.0,0.8928172849426366,1.0,1.0,30.083355621764447,0.0,1.0,1.0,1.2063323449374934,1.2063323449374934,38.60263503799979
hubo_10x10_s1,Greedy,0,192,25,2,1.0,8.479581193011521,8.479581193011521,True,5,162,True,4,QUBO (Rosenberg),32,0.0,0.0,0.1071827150573635,1.0,30.149650665448256,0.06629504368380879,0.8697589672644168,0.9577718115991104,0.0008682943749960259,inf,0.02778541999987283,1.0,0.8928172849426366,1.0,1.0,30.083355621764447,0.0,1.0,1.0,0.14950243234375193,0.14950243234375193,4.784077835000062
hubo_10x10_s1,Greedy,1,192,25,2,1.0,8.479581193011521,8.479581193011521,True,5,162,True,4,QUBO (Rosenberg),32,0.0,0.0,0.1071827150573635,1.0,30.157084139171456,0.07372851740700881,0.8558064351531216,0.9530368855561697,0.0008521914062527003,inf,0.02727012500008641,1.0,0.8928172849426366,1.0,1.0,30.083355621764447,0.0,1.0,1.0,0.15723199121875098,0.15723199121875098,5.031423719000031
hubo_10x10_s1,Greedy,2,192,25,2,1.0,8.479581193011521,8.479581193011521,True,5,162,True,4,QUBO (Rosenberg),32,0.0,0.0,0.1071827150573635,1.0,30.14713854761476,0.06378292585031176,0.8555685098812923,0.9593719641786018,0.000845429906249251,inf,0.02705375699997603,1.0,0.8928172849426366,1.0,1.0,30.083355621764447,0.0,1.0,1.0,0.15669740415624744,0.15669740415624744,5.014316932999918
hubo_10x10_s2,SA,0,30,25,4,1.0,7.749117613197384,7.749117613197384,False,5,0,True,4,native HUBO,32,0.0,0.0,0.1071827150573635,1.0,30.148326578363356,0.04311131764981724,0.9164421948377126,0.9731648711423323,0.014688444749992868,inf,0.4700302319997718,1.0,0.8928172849426366,1.0,1.0,30.10521526071354,0.0,1.0,1.0,0.12683346581249566,0.12683346581249566,4.058670905999861
hubo_10x10_s2,SA,1,30,25,4,1.0,7.749117613197384,7.749117613197384,False,5,0,True,4,native HUBO,32,0.0,0.0,0.1071827150573635,1.0,30.166331145960477,0.061115885246938007,0.9135122630499479,0.9619577237426663,0.014900689937505263,inf,0.4768220780001684,1.0,0.8928172849426366,1.0,1.0,30.10521526071354,0.0,1.0,1.0,0.1334888605625082,0.1334888605625082,4.271643538000262
hubo_10x10_s2,SA,2,30,25,4,1.0,7.749117613197384,7.749117613197384,False,5,0,True,4,native HUBO,32,0.0,0.0,0.1071827150573635,1.0,30.16173919718576,0.05652393647222098,0.9124959286893515,0.9648160343625892,0.013325911687502412,inf,0.4264291740000772,1.0,0.8928172849426366,1.0,1.0,30.10521526071354,0.0,1.0,1.0,0.12819506346875187,0.12819506346875187,4.10224203100006
hubo_10x10_s2,Tabu,0,30,25,4,1.0,7.749117613197384,7.749117613197384,False,5,0,True,4,native HUBO,32,1.0,0.8928172849426366,1.0,1.0,30.10521526071354,0.0,1.0,1.0,0.1833420488125057,0.1833420488125057,5.866945562000183,1.0,0.8928172849426366,1.0,1.0,30.10521526071354,0.0,1.0,1.0,0.22357379409375255,0.22357379409375255,7.154361411000082
hubo_10x10_s2,Tabu,1,30,25,4,1.0,7.749117613197384,7.749117613197384,False,5,0,True,4,native HUBO,32,1.0,0.8928172849426366,1.0,1.0,30.10521526071354,0.0,1.0,1.0,0.19636777103124814,0.19636777103124814,6.2837686729999405,1.0,0.8928172849426366,1.0,1.0,30.10521526071354,0.0,1.0,1.0,0.23958353593749848,0.23958353593749848,7.666673149999951
hubo_10x10_s2,Tabu,2,30,25,4,1.0,7.749117613197384,7.749117613197384,False,5,0,True,4,native HUBO,32,0.96875,0.8425539219962727,0.9944622826374491,1.0,30.10521526071354,0.0,0.9970955684012943,1.0,0.21106143943750055,0.28045237016592023,6.753966062000018,1.0,0.8928172849426366,1.0,1.0,30.10521526071354,0.0,1.0,1.0,0.25356889981250674,0.25356889981250674,8.114204794000216
hubo_10x10_s2,SQA,0,30,25,4,1.0,7.749117613197384,7.749117613197384,False,5,0,True,4,native HUBO,32,0.0,0.0,0.1071827150573635,1.0,30.12617307972904,0.02095781901549998,0.9570179473301309,0.9869545677442544,0.5644188656562505,inf,18.061403701000017,1.0,0.8928172849426366,1.0,1.0,30.10521526071354,0.0,1.0,1.0,0.6563263685937528,0.6563263685937528,21.00244379500009
hubo_10x10_s2,SQA,1,30,25,4,1.0,7.749117613197384,7.749117613197384,False,5,0,True,4,native HUBO,32,0.0,0.0,0.1071827150573635,1.0,30.127464739366754,0.02224947865321525,0.9572592379314815,0.9861505595462242,0.5658152009999924,inf,18.106086431999756,1.0,0.8928172849426366,1.0,1.0,30.10521526071354,0.0,1.0,1.0,0.6630624658749866,0.6630624658749866,21.217998907999572
hubo_10x10_s2,SQA,2,30,25,4,1.0,7.749117613197384,7.749117613197384,False,5,0,True,4,native HUBO,32,0.0,0.0,0.1071827150573635,1.0,30.142500743875186,0.03728548316164648,0.9570543105665926,0.9767912279255648,0.5737286839687528,inf,18.35931788700009,1.0,0.8928172849426366,1.0,1.0,30.10521526071354,0.0,1.0,1.0,0.6736747093125075,0.6736747093125075,21.55759069800024
hubo_10x10_s2,Greedy,0,30,25,4,1.0,7.749117613197384,7.749117613197384,False,5,0,True,4,native HUBO,32,0.0,0.0,0.1071827150573635,1.0,30.12498827377795,0.01977301306441248,0.933377604815968,0.9876920636525683,0.0001697656250030377,inf,0.005432500000097207,1.0,0.8928172849426366,1.0,1.0,30.10521526071354,0.0,1.0,1.0,0.12171069940625046,0.12171069940625046,3.8947423810000146
hubo_10x10_s2,Greedy,1,30,25,4,1.0,7.749117613197384,7.749117613197384,False,5,0,True,4,native HUBO,32,0.0,0.0,0.1071827150573635,1.0,30.127303545095774,0.0220882843822352,0.9051599453249444,0.9862508967492761,0.00014787531249282893,inf,0.004732009999770526,1.0,0.8928172849426366,1.0,1.0,30.10521526071354,0.0,1.0,1.0,0.12984609378123935,0.12984609378123935,4.155075000999659
hubo_10x10_s2,Greedy,2,30,25,4,1.0,7.749117613197384,7.749117613197384,False,5,0,True,4,native HUBO,32,0.0,0.0,0.1071827150573635,1.0,30.11584743657226,0.010632175858720672,0.9132268635769001,0.9933818814928437,0.00014572356251107976,inf,0.004663154000354552,1.0,0.8928172849426366,1.0,1.0,30.10521526071354,0.0,1.0,1.0,0.12815142006250824,0.12815142006250824,4.100845442000264
hubo_10x10_s2,SA,0,197,25,2,1.0,7.749117613197384,7.749117613197384,True,5,167,True,4,QUBO (Rosenberg),32,0.0,0.0,0.1071827150573635,1.0,30.209023967639475,0.10380870692593547,0.8361964299567042,0.9353830924507327,0.024952040156250632,inf,0.7984652850000202,1.0,0.8928172849426366,1.0,1.0,30.10521526071354,0.0,1.0,1.0,0.16723591321876086,0.16723591321876086,5.351549223000347
hubo_10x10_s2,SA,1,197,25,2,1.0,7.749117613197384,7.749117613197384,True,5,167,True,4,QUBO (Rosenberg),32,0.0,0.0,0.1071827150573635,1.0,30.201654139872332,0.0964388791587929,0.8369944066856115,0.9399705253702395,0.024598498624996523,inf,0.7871519559998887,1.0,0.8928172849426366,1.0,1.0,30.10521526071354,0.0,1.0,1.0,0.18201659553125182,0.18201659553125182,5.824531057000058
hubo_10x10_s2,SA,2,197,25,2,1.0,7.749117613197384,7.749117613197384,True,5,167,True,4,QUBO (Rosenberg),32,0.0,0.0,0.1071827150573635,1.0,30.20264462599645,0.09742936528290969,0.8422748084372775,0.9393539860431814,0.026871770218747315,inf,0.8598966469999141,1.0,0.8928172849426366,1.0,1.0,30.10521526071354,0.0,1.0,1.0,0.17762593084376022,0.17762593084376022,5.684029787000327
hubo_10x10_s2,Tabu,0,197,25,2,1.0,7.749117613197384,7.749117613197384,True,5,167,True,4,QUBO (Rosenberg),32,0.0,0.0,0.1071827150573635,1.0,30.19783934757215,0.0926240868586099,0.8509013100702267,0.9423450861241506,0.029092575156255407,inf,0.930962405000173,1.0,0.8928172849426366,1.0,1.0,30.10521526071354,0.0,1.0,1.0,0.16726554384375447,0.16726554384375447,5.352497403000143
hubo_10x10_s2,Tabu,1,197,25,2,1.0,7.749117613197384,7.749117613197384,True,5,167,True,4,QUBO (Rosenberg),32,0.0,0.0,0.1071827150573635,1.0,30.155198396799445,0.04998313608590621,0.8489930364571663,0.9688874297818796,0.03035724400000106,inf,0.9714318080000339,1.0,0.8928172849426366,1.0,1.0,30.10521526071354,0.0,1.0,1.0,0.1678966227812566,0.1678966227812566,5.3726919290002115
hubo_10x10_s2,Tabu,2,197,25,2,1.0,7.749117613197384,7.749117613197384,True,5,167,True,4,QUBO (Rosenberg),32,0.0,0.0,0.1071827150573635,1.0,30.191873804436675,0.08665854372313575,0.854886453530078,0.946058406140179,0.030794035499994266,inf,0.9854091359998165,1.0,0.8928172849426366,1.0,1.0,30.10521526071354,0.0,1.0,1.0,0.16958654053124178,0.16958654053124178,5.426769296999737
hubo_10x10_s2,SQA,0,197,25,2,1.0,7.749117613197384,7.749117613197384,True,5,167,True,4,QUBO (Rosenberg),32,0.0,0.0,0.1071827150573635,1.0,30.151156324396165,0.04594106368262629,0.9390319432454625,0.9714034636149234,1.1338953960937488,inf,36.28465267499996,1.0,0.8928172849426366,1.0,1.0,30.10521526071354,0.0,1.0,1.0,1.2369272643437483,1.2369272643437483,39.58167245899995
hubo_10x10_s2,SQA,1,197,25,2,1.0,7.749117613197384,7.749117613197384,True,5,167,True,4,QUBO (Rosenberg),32,0.0,0.0,0.1071827150573635,1.0,30.144872995750084,0.03965773503654546,0.9338076176248551,0.975314592827959,1.125571845093745,inf,36.01829904299984,1.0,0.8928172849426366,1.0,1.0,30.10521526071354,0.0,1.0,1.0,1.241423494656246,1.241423494656246,39.72555182899987
hubo_10x10_s2,SQA,2,197,25,2,1.0,7.749117613197384,7.749117613197384,True,5,167,True,4,QUBO (Rosenberg),32,0.0,0.0,0.1071827150573635,1.0,30.13115327827815,0.02593801756460934,0.9372488514796926,0.9838545866467691,1.1275947952500047,inf,36.08303344800015,1.0,0.8928172849426366,1.0,1.0,30.10521526071354,0.0,1.0,1.0,1.2409661789687618,1.2409661789687618,39.71091772700038
hubo_10x10_s2,Greedy,0,197,25,2,1.0,7.749117613197384,7.749117613197384,True,5,167,True,4,QUBO (Rosenberg),32,0.0,0.0,0.1071827150573635,1.0,30.17819537216833,0.07298011145478966,0.8543076059946719,0.954572701515549,0.0008933978749894322,inf,0.02858873199966183,1.0,0.8928172849426366,1.0,1.0,30.10521526071354,0.0,1.0,1.0,0.13412767956248217,0.13412767956248217,4.2920857459994295
hubo_10x10_s2,Greedy,1,197,25,2,1.0,7.749117613197384,7.749117613197384,True,5,167,True,4,QUBO (Rosenberg),32,0.0,0.0,0.1071827150573635,1.0,30.194091046657405,0.08887578594386625,0.8231106986526416,0.9446782585607134,0.0009061416562587965,inf,0.028996533000281488,1.0,0.8928172849426366,1.0,1.0,30.10521526071354,0.0,1.0,1.0,0.1498522482812632,0.1498522482812632,4.795271945000422
hubo_10x10_s2,Greedy,2,197,25,2,1.0,7.749117613197384,7.749117613197384,True,5,167,True,4,QUBO (Rosenberg),32,0.0,0.0,0.1071827150573635,1.0,30.167957305041018,0.06274204432747865,0.8629663787406627,0.9609455025708655,0.0009047349062427656,inf,0.0289515169997685,1.0,0.8928172849426366,1.0,1.0,30.10521526071354,0.0,1.0,1.0,0.13756725990623409,0.13756725990623409,4.402152316999491
